Team,Conf,Adjusted_Tempo,Adjusted_Tempo_Rank,Raw_Tempo,Raw_Tempo_Rank,Offense_Avg_Poss_Length,Offense_Avg_Poss_Length_Rank,Defense_Avg_Poss_Length,Defense_Avg_Poss_Length_Rank,Adj_OER,Adj_OER_Rank,Raw_OER,Raw_OER_Rank,Adj_DER,Adj_DER_Rank,Raw_DER,Raw_DER_Rank
Mississippi Valley St.,SWAC,77.1,1,78.9,1,15.8,23,14.9,1,89.8,345,86.7,349,117.6,349,112.7,343
Houston Baptist,Slnd,76.1,2,77.9,2,14.9,3,16.1,4,102.9,175,102.5,140,122.3,352,120,352
Marshall,CUSA,74.9,3,75.2,7,14.8,2,17.2,112,101.2,199,100.1,193,99.1,106,97.8,107
Alabama,SEC,74.8,4,76.1,4,15.2,6,16.5,18,111,37,106,71,99.5,114,102.2,221
Delaware St.,MEAC,74.7,5,76.2,3,15.4,11,16.3,12,94.1,323,94.7,310,117.2,347,109.6,329
Eastern Kentucky,OVC,74.5,6,75.6,6,15.9,30,16,2,95.4,297,95.7,287,104.9,230,101.7,202
Green Bay,Horz,74,7,74.2,14,14.5,1,18.1,292,105.8,109,105.4,79,110.5,319,107.9,317
Buffalo,MAC,73.9,8,74.6,8,14.9,4,17.4,160,104.1,151,103.3,123,102.3,175,101,187
North Carolina A&T,MEAC,73.7,9,74.6,9,16.2,39,16.1,5,92.3,335,93.3,323,102.4,177,96.6,83
The Citadel,SC,73.7,10,74.3,13,16.1,36,16.5,20,94.9,305,94.2,317,112.2,328,111.7,340
Central Michigan,MAC,73.6,11,74.4,11,15.7,18,16.7,34,102,187,100.8,175,106.4,264,105.4,283
Coppin St.,MEAC,73.4,12,74.4,10,15.5,14,17,72,89.6,346,90.5,342,105.3,240,99.2,143
San Jose St.,MWC,73.3,13,74,19,16.4,58,16.2,8,97.5,262,93.2,324,107.8,289,110.5,335
Arizona St.,P12,73.2,14,73.6,23,15.9,29,16.8,44,106,108,100.1,191,94.7,49,96.1,64
Central Arkansas,Slnd,73.2,15,75.9,5,15.9,26,16,3,98,256,96.4,273,107.6,285,107.1,310
Nebraska,B10,73.1,16,72.8,33,15.2,5,17.8,241,102,190,94.3,316,101.3,152,105.5,287
South Carolina,SEC,73.1,17,72.5,37,15.4,9,17.9,255,105.4,122,100.8,176,94.7,50,95.4,54
Eastern Washington,BSky,73.1,18,73.6,24,15.3,7,17.5,178,105.4,120,105,88,101.1,142,99.7,156
Georgia St.,SB,73,19,73.7,21,15.8,24,17,78,105.6,115,104.1,107,101.4,156,99.9,162
Bethune Cookman,MEAC,73,20,74,18,15.8,21,16.9,53,95.4,298,96.6,267,105.8,254,98.3,122
St. John's,BE,72.9,21,74.1,16,15.6,16,16.9,59,106.1,104,100.4,183,95.2,53,96.9,91
Texas Southern,SWAC,72.9,22,74.4,12,16.2,41,16.7,32,99.1,237,96.7,264,108.6,304,102.2,220
LIU,NEC,72.8,23,73.3,26,16.2,43,16.8,49,97.4,265,100,195,106.1,259,103.1,241
UTSA,CUSA,72.8,24,73,30,16.3,48,16.8,37,104.2,149,101.2,168,108,293,106.1,296
Samford,SC,72.8,25,74,17,16.1,35,16.8,43,98.6,245,97.5,244,112.6,332,113.2,345
Coastal Carolina,SB,72.8,26,73.3,27,16.5,60,16.5,17,104.8,134,103.6,112,106.2,261,104.5,270
Monmouth,MAAC,72.6,27,72,44,15.7,19,17.8,235,99.1,238,98.5,222,101.8,162,97.3,101
Memphis,Amer,72.6,28,73.1,29,15.7,17,17.2,118,100.6,210,97.4,250,89.1,5,88.5,2
Northwestern St.,Slnd,72.4,29,74.1,15,16.4,57,16.1,6,98.3,251,100.1,192,107.1,278,104.1,265
FIU,CUSA,72.2,30,72.5,38,15.4,10,17.8,245,103.7,157,102.1,149,102.1,170,99.8,159
Wright St.,Horz,72.1,31,73.1,28,15.8,20,17.2,104,104.9,132,107.9,39,101.4,157,96.2,71
James Madison,CAA,72.1,32,71.6,57,15.9,27,17.7,220,99.5,230,99.1,210,111.6,323,108.5,324
Southeastern Louisiana,Slnd,72.1,33,73.9,20,16,33,16.9,60,92,338,92.2,332,109.6,312,106.3,300
Duke,ACC,72,34,72.8,31,16.3,47,16.8,36,115.7,9,111.9,6,91.1,12,91.4,11
Gonzaga,WCC,71.9,35,72.6,36,15.4,8,17.9,254,121.3,1,120.1,1,94.4,43,93.3,23
Winthrop,BSth,71.9,36,71.7,55,15.5,13,18.2,309,104.7,136,108.9,26,102.1,169,98.3,125
Louisiana,SB,71.8,37,72.4,39,16.9,102,16.7,30,101.3,196,99.5,199,106.2,262,105.2,282
New Mexico,MWC,71.8,38,72.6,35,16.4,55,16.9,50,105.3,125,104.9,91,102.4,178,103.8,256
Stephen F. Austin,Slnd,71.8,39,73.7,22,16.6,65,16.2,7,104.1,152,106.3,65,97.1,75,91.8,14
Portland St.,BSky,71.8,40,71.8,50,16.6,64,17.1,81,108.8,57,107.9,40,108.8,306,106.6,304
Georgia Southern,SB,71.8,41,72.7,34,15.9,28,17.3,129,102.2,184,101.3,162,98.8,102,98,115
Santa Clara,WCC,71.6,42,72.8,32,15.4,12,17.7,212,102.6,176,101.6,157,101.3,154,99.7,155
Western Carolina,SC,71.5,43,72.3,41,16.8,95,16.5,19,107.3,83,106.6,60,106.3,263,104.9,277
Western Illinois,Sum,71.3,44,72,45,17.1,132,16.4,13,98.3,250,99,212,115,343,114.7,349
Arkansas,SEC,71.2,45,71.4,61,16.8,92,17.1,98,109.1,55,104.7,95,95.5,57,96.2,68
Rhode Island,A10,71.2,46,71.9,47,16.2,40,17.4,161,105.2,126,101.2,167,94.2,39,95,47
Saint Joseph's,A10,71.2,47,71.2,66,16.6,71,17.2,109,101.9,193,96.5,270,110.2,315,111.3,338
Sam Houston St.,Slnd,71.1,48,73.4,25,16.1,37,17.1,89,99.5,229,101.6,158,103.7,200,99.8,161
Rider,MAAC,71.1,49,71.8,52,16.7,81,17.1,82,100.9,204,100,196,102.1,171,96.6,80
Nevada,MWC,71,50,71.7,56,16.4,54,17.4,167,110.3,44,107.1,52,101,141,100.8,183
UNC Asheville,BSth,71,51,70.8,79,16.6,73,17.4,159,98.7,243,103.8,110,110.3,318,106.7,305
Loyola MD,Pat,71,52,71.2,68,16.9,104,16.8,48,100.4,213,102.2,145,109.1,309,105.4,285
Denver,Sum,70.9,53,71.5,60,16.7,75,17,79,95,303,95.3,297,106.8,274,106.6,302
Penn St.,B10,70.9,54,71.4,62,16.4,49,17.6,187,110.3,43,105,86,92.4,23,95.8,59
Long Beach St.,BW,70.9,55,71.3,64,16.7,78,17.3,145,94.2,320,92.2,333,105.3,238,105.6,288
Hampton,BSth,70.9,56,70.7,86,16.7,79,17.3,143,104.8,135,105.6,75,116.7,345,114.3,348
Pepperdine,WCC,70.8,57,71.8,51,15.8,25,17.9,258,107.2,85,104.3,104,104.4,217,105.4,286
IUPUI,Horz,70.8,58,71.2,70,16.6,68,17.3,125,99.4,231,97.7,239,115.6,344,114,347
Washington St.,P12,70.8,59,71.1,71,16.9,100,17.1,99,102.2,182,97.5,243,98,83,97.4,102
Marquette,BE,70.7,60,71.4,63,16.6,74,17.5,174,114,14,107.2,51,96.9,73,99,137
Prairie View A&M,SWAC,70.7,61,72.4,40,16.6,70,17.3,132,96.3,282,96.2,278,100.5,131,93.3,22
East Carolina,Amer,70.6,62,70.7,87,16.7,77,17.7,208,99.6,227,95.6,292,104,213,101.9,213
DePaul,BE,70.6,63,71.7,53,15.6,15,17.9,271,103.4,165,97.3,251,95.5,56,99.2,144
Georgia,SEC,70.5,64,71.9,48,16.4,59,17,74,108.2,71,103.5,117,100.8,136,103.4,249
Belmont,OVC,70.5,65,72.3,42,15.8,22,17.5,180,106.5,97,109,25,100.5,132,94.3,38
UT Rio Grande Valley,WAC,70.4,66,70.5,99,15.9,32,18.2,311,98.7,244,98.7,218,106,256,103.4,247
North Carolina,ACC,70.4,67,70.4,106,16.7,87,17.4,165,107.7,77,100.9,173,98.4,94,102.1,219
Oral Roberts,Sum,70.4,68,71.8,49,16.3,46,17.3,123,108.2,70,109.8,18,104.9,231,105,279
Utah Valley,WAC,70.4,69,70.3,111,17,112,17.4,152,96.5,277,96.8,261,104.2,215,101.5,197
St. Francis NY,NEC,70.3,70,70.6,92,17.2,145,16.8,45,94.6,308,96,281,106.5,266,101.7,204
Bryant,NEC,70.3,71,70.2,116,17.4,158,16.9,56,97.8,257,99,213,103.8,206,98.7,130
UMass Lowell,AE,70.3,72,70.8,78,16.4,51,17.6,185,104.4,144,103.5,119,113.6,337,107.4,313
Temple,Amer,70.3,73,70.6,89,16.2,42,18,282,100.1,217,95.2,299,94.6,47,95.1,51
Cal St. Northridge,BW,70.3,74,70.9,74,17.1,133,17,64,107.4,82,105.5,78,113.3,336,112.6,342
Howard,MEAC,70.2,75,71.9,46,17.2,141,16.2,9,93.6,326,94.5,313,119.7,350,113.9,346
Penn,Ivy,70.2,76,71,72,16.9,106,17.1,84,103.4,163,101.7,154,100.8,137,99.7,157
Iowa,B10,70.2,77,70.6,93,16.4,50,17.7,222,117.3,5,110.3,14,98.6,97,102.4,225
San Diego,WCC,70.2,78,70.7,85,17.3,152,17.3,142,94.4,315,90.6,340,99.8,117,101.8,206
Wake Forest,ACC,70.1,79,70.8,81,16.7,84,17.2,108,108.7,61,101.9,152,102,166,104,263
Rice,CUSA,70.1,80,71.3,65,17,117,16.9,57,105.8,110,102.9,131,108.4,301,106,295
Bowling Green,MAC,70.1,81,70.9,76,16.7,82,17.1,92,104.3,146,102.8,133,104,210,102.3,222
Alcorn St.,SWAC,70.1,82,72.1,43,17,121,16.6,24,96.9,271,95.8,285,111.3,322,103,239
North Alabama,ASun,70.1,83,69.8,124,17,114,17.7,204,96,289,96.3,276,105.6,248,100.8,185
LSU,SEC,70,84,70.8,80,16.9,107,17.1,94,118.1,4,112.8,4,102.4,179,102.6,231
South Dakota,Sum,70,85,71,73,17,109,17.2,103,108.6,63,109.4,21,108.9,307,106.3,299
Canisius,MAAC,70,86,70.3,110,17.3,155,17.2,102,97.7,259,97.5,245,105.7,249,100.8,181
Georgetown,BE,70,87,71.6,58,16,34,17.7,223,111,36,104.5,100,100.2,125,103.6,251
Georgia Tech,ACC,70,88,70.5,96,17.2,139,17.1,93,103.1,171,96,282,91.8,16,94.2,36
Florida St.,ACC,69.9,89,69.6,139,16.8,90,18.1,291,111.7,32,107.1,53,91.5,15,93.6,24
Iowa St.,B12,69.9,90,70.4,102,16.5,61,17.7,209,109.6,48,101.4,160,101.2,147,103.5,250
Seattle,WAC,69.9,91,70.4,103,17.5,173,17.1,95,101.2,200,101,169,105.5,247,101.3,193
Stony Brook,AE,69.8,92,69.8,128,17.1,124,17.8,238,97.7,260,97.4,249,99.4,111,94.5,42
Seton Hall,BE,69.8,93,70.9,75,17,111,17.1,86,112.3,29,105.4,80,92.7,25,96.1,65
New Orleans,Slnd,69.8,94,71.7,54,16.6,63,17.2,106,99.3,233,98.8,216,114.8,342,111.8,341
Middle Tennessee,CUSA,69.8,95,70.5,94,16.7,76,17.6,195,97.5,264,95,305,108.2,298,107.8,315
Washington,P12,69.8,96,70.3,113,16.2,45,18.3,327,105.8,112,99.9,197,93.1,31,93.9,30
Alabama St.,SWAC,69.7,97,70.8,83,17.1,134,17.4,149,86.2,350,86.7,348,103.4,198,100.7,178
Oklahoma,B12,69.6,98,69.7,135,16.4,52,18.3,324,108.8,58,100.7,179,93.1,29,96.8,89
Lamar,Slnd,69.6,99,71.2,67,16.8,91,17,75,96.3,283,98.3,228,102.5,180,99.3,151
Morgan St.,MEAC,69.6,100,70.9,77,17.2,147,16.9,52,93.2,327,95.6,291,107.5,282,100.8,182
Wichita St.,Amer,69.5,101,70.6,88,17.4,164,16.7,35,105.6,117,100.7,177,90.4,8,89.7,5
Milwaukee,Horz,69.5,102,70.3,112,16.8,93,17.5,181,96,288,97.7,237,104.9,232,102.4,227
N.C. State,ACC,69.5,103,70.6,91,16.7,80,17.6,192,110.7,42,105.2,82,97.3,79,98.5,127
Central Connecticut,NEC,69.5,104,70.5,97,17,115,17.1,87,90.3,342,88.5,346,114,340,110.6,336
Illinois Chicago,Horz,69.5,105,70.6,90,17.4,165,16.8,40,96.4,280,97,258,99.5,115,96.8,87
Army,Pat,69.5,106,69.7,132,15.9,31,18.4,341,98.8,242,100.7,178,107.4,281,104,262
Bucknell,Pat,69.5,107,69.8,126,16.6,72,18,283,96.2,285,96.9,260,102.9,189,101.6,200
BYU,WCC,69.5,108,69.7,133,17.1,126,17.6,188,116.3,7,112.1,5,95.6,60,97,92
Vanderbilt,SEC,69.4,109,70,120,18.1,243,16.3,10,104.7,139,101.4,161,104.5,221,106.3,301
Akron,MAC,69.4,110,70.1,118,16.6,67,17.8,250,108.5,66,106.8,58,98.9,103,95.6,57
North Florida,ASun,69.4,111,69.2,161,16.7,86,18.1,299,112,31,111.2,8,111.6,324,107.1,311
West Virginia,B12,69.4,112,69.4,148,17.6,186,17.3,131,108.3,67,100.9,172,87.1,3,89.5,4
Brown,Ivy,69.4,113,69.9,121,17.4,161,17,76,96.4,278,95,303,101.1,143,99.3,148
Cal St. Fullerton,BW,69.3,114,69.2,168,16.7,88,18.3,320,95.9,292,94.4,314,104.5,218,102,217
Arizona,P12,69.3,115,70.3,109,16.4,56,18.1,307,111,35,107.6,49,91.4,14,92.4,15
Colorado St.,MWC,69.3,116,69.7,134,16.8,97,17.7,216,109.3,52,106.1,69,102.1,172,102.4,229
Detroit,Horz,69.3,117,70.5,95,17.8,221,16.4,16,99.9,221,99.1,209,111.7,326,110.1,333
Southern Utah,BSky,69.3,118,69.5,147,17.2,143,17.8,239,98.8,240,98.9,215,98.1,86,95.5,55
Troy,SB,69.3,119,70.4,108,17.2,136,17.3,144,96.2,284,94.6,312,106.6,268,105.4,284
Boston College,ACC,69.3,120,69.6,138,17.2,148,17.4,147,99.6,228,92.5,329,100.3,128,101.4,195
Tennessee St.,OVC,69.3,121,70.4,104,17.3,153,17,69,96.4,279,98.5,223,104.6,222,100.3,172
Portland,WCC,69.3,122,70.2,115,17,118,17.4,150,94.4,314,92.7,328,104.3,216,104.5,272
Valparaiso,MVC,69.3,123,69.2,164,16.7,85,18.1,300,104.5,141,101.9,151,102.5,181,101.6,198
Richmond,A10,69.3,124,69.3,159,16.9,103,17.7,221,109.2,53,107.8,43,95.3,54,95.2,52
Little Rock,SB,69.3,125,70.2,117,17.8,216,16.7,27,106.4,99,104.2,106,102.5,184,99.8,160
Nebraska Omaha,Sum,69.2,126,70.8,82,16.8,89,17.2,111,103.2,170,102.5,139,107.7,286,108.2,319
Auburn,SEC,69.2,127,70.5,100,16.6,69,17.7,214,111.4,33,108.3,33,95.5,55,97.7,106
USC Upstate,BSth,69.2,128,69.3,156,18,232,16.8,38,95.5,295,97.2,255,110.8,320,108.5,323
Eastern Illinois,OVC,69.1,129,70.4,101,17.6,179,16.8,41,98.2,253,102,150,104.5,220,98.9,133
Michigan St.,B10,69.1,130,69.3,157,16.7,83,18.2,310,115.2,10,109.3,22,91.2,13,93.8,27
La Salle,A10,69.1,131,69.7,129,17.6,185,17.2,105,99.6,226,96.5,271,100.4,129,99.1,142
Columbia,Ivy,69.1,132,69.4,151,16.8,94,18,287,95.2,302,93.5,321,106.5,267,104.3,268
Boise St.,MWC,69.1,133,69.7,131,17.1,125,17.7,205,107,88,104.5,99,97.6,81,99.1,141
VCU,A10,69,134,69.2,162,16.1,38,18.7,349,104.7,138,101.7,155,94.4,45,93.8,28
Chicago St.,WAC,69,135,69.4,150,18.4,279,16.8,46,86.9,349,83.8,350,120.8,351,120.5,353
SIU Edwardsville,OVC,69,136,69.9,122,17.7,196,17,66,92.3,336,94.3,315,110,314,106.8,307
McNeese St.,Slnd,69,137,71.2,69,17.4,167,16.6,23,103,172,104.9,90,112.3,330,108.3,320
St. Francis PA,NEC,68.9,138,69.7,130,16.4,53,18.1,306,107.6,81,109.1,24,107.9,290,102.9,236
USC,P12,68.9,139,70,119,17.1,123,17.6,200,104.3,145,99.3,206,92,18,93,21
Idaho,BSky,68.9,140,69,175,17.7,200,17.5,173,92.8,332,91.4,337,107.1,277,106.1,297
Quinnipiac,MAAC,68.9,141,68.9,184,17.3,151,17.8,249,100.7,207,101.3,163,108.3,300,102.8,234
Fairleigh Dickinson,NEC,68.9,142,69,174,16.9,105,17.9,259,102.1,186,102.2,147,112.4,331,108.3,321
Kent St.,MAC,68.9,143,69.6,140,17.5,174,17.4,148,106.1,105,106,70,102.1,167,100,163
Murray St.,OVC,68.9,144,69.5,143,17.2,135,17.6,197,102.4,178,105.6,77,99.3,110,94.1,33
North Dakota,Sum,68.9,145,70.2,114,18,233,16.3,11,102.2,183,101.7,156,107.7,287,108.6,325
Florida Atlantic,CUSA,68.8,146,69.6,141,16.2,44,18.4,338,99.7,225,98.4,225,101.3,151,99,138
Air Force,MWC,68.8,147,68.9,183,17.8,217,17.4,156,107.8,76,104.9,89,110.3,316,110,332
Harvard,Ivy,68.8,148,68.8,186,17,119,18,286,104.7,137,103.8,111,99,105,97,93
Tennessee Martin,OVC,68.7,149,69.7,136,18.2,259,16.4,15,105.1,128,105.8,74,122.9,353,119.9,351
Michigan,B10,68.7,150,69.4,152,17.2,149,17.6,186,113.2,20,106.8,57,93,28,97.6,103
Grambling St.,SWAC,68.7,151,70.5,98,17.2,140,17.6,202,93.1,328,94.7,311,105.1,235,98.6,129
Sacred Heart,NEC,68.7,152,69.5,145,18,237,16.7,26,102.2,185,104.3,102,104.8,227,100.5,174
Lipscomb,ASun,68.7,153,68.1,232,17.5,175,18,276,101.2,201,100.2,189,108,292,104.1,266
Tulane,Amer,68.7,154,69.4,154,16.8,96,17.7,227,101.9,192,97.7,236,103.1,191,101.8,209
San Francisco,WCC,68.7,155,69,176,17.2,144,17.7,224,108.3,68,106.1,68,98.2,88,99.3,147
Iona,MAAC,68.7,156,68.6,203,17.2,142,18,280,101.6,194,101,171,106.1,260,101.5,196
Jackson St.,SWAC,68.7,157,70.4,107,17.8,209,17.1,90,92.8,333,93.4,322,102.3,176,96.6,81
Nicholls St.,Slnd,68.7,158,71.5,59,17.2,138,16.7,25,99.7,223,101.2,166,101.5,158,97.8,111
American,Pat,68.7,159,68.9,181,18.1,242,17.1,83,101.1,202,103.5,120,104,212,100.2,168
Florida A&M,MEAC,68.6,160,70.8,84,17.5,177,16.8,42,94.4,311,93.1,325,107.3,279,101.4,194
Massachusetts,A10,68.6,161,69.2,169,18.2,260,16.7,33,102.9,174,98.2,229,102.5,185,102,218
Cal Baptist,WAC,68.6,162,69.4,149,16.9,98,17.8,248,105.3,124,108.3,34,108.1,295,101.9,214
New Hampshire,AE,68.6,163,69.5,146,18.3,270,16.4,14,95,304,95.7,289,102.1,168,97.8,108
Binghamton,AE,68.6,164,68.9,182,17.6,183,17.3,134,99.7,224,97.6,240,116.9,346,112.9,344
UNC Wilmington,CAA,68.5,165,68.4,216,17,113,18.3,330,92.1,337,92.4,330,104.5,219,104.7,276
Albany,AE,68.5,166,69.4,153,17.7,205,17.3,126,94.3,316,94.8,308,103.9,208,99.1,139
Connecticut,Amer,68.5,167,69,179,17.6,187,17.4,151,108.6,64,102.9,132,95.6,59,94.1,34
Colgate,Pat,68.5,168,68.6,201,17.3,154,17.8,246,107.2,86,109.9,17,102.5,182,99.6,153
Illinois St.,MVC,68.5,169,68.2,229,16.5,62,19,353,98.4,248,96.2,277,102.9,190,103.1,240
Hawaii,BW,68.4,170,69.1,172,18,240,17.4,146,97.6,261,99.4,205,101,140,98.3,123
Providence,BE,68.4,171,69.6,142,17.4,157,17.2,117,107.8,75,102.2,146,92.8,27,94.9,46
Abilene Christian,Slnd,68.4,172,70.4,105,17.1,129,17.3,141,99.1,239,101.5,159,100.2,126,96.1,67
Oklahoma St.,B12,68.4,173,68.4,214,17.5,172,17.7,218,107.2,84,98.7,219,94.5,46,96.7,86
Lehigh,Pat,68.4,174,68.7,199,17.9,228,17.3,135,97,269,97,257,108.8,305,107.4,314
Cal Poly,BW,68.3,175,68.2,228,17.8,214,17.5,169,95.2,301,93.6,320,108.5,302,107.8,316
Western Kentucky,CUSA,68.3,176,69.5,144,17.4,169,17.3,137,108.9,56,106.3,63,103.3,196,101.7,203
Holy Cross,Pat,68.3,177,68.7,195,18.2,254,17,70,95.9,291,95.2,300,117.3,348,115,350
Creighton,BE,68.3,178,69.8,127,16.6,66,17.9,260,118.2,3,111.1,10,97.3,78,100.6,176
Syracuse,ACC,68.3,179,68.4,220,16.9,101,18.3,325,112.8,21,107.9,42,99.6,116,100.4,173
Miami FL,ACC,68.3,180,68.7,193,18.2,263,16.9,51,107.7,79,101,170,101.3,149,104,264
Missouri St.,MVC,68.3,181,68.6,207,17.7,207,17.5,168,104.8,133,102.5,138,100.2,124,98.8,131
Delaware,CAA,68.3,182,68.5,209,17.6,188,17.8,236,105.6,116,107.1,54,106.4,265,103.7,255
Stanford,P12,68.3,183,68.7,194,17.6,180,17.6,194,104.4,143,100.5,182,90.3,7,90.5,9
Hartford,AE,68.2,184,68.5,211,18.4,290,16.8,47,94.4,312,95.7,288,101.1,144,97,95
Montana,BSky,68.2,185,69.2,163,17.1,128,17.7,207,103.2,169,101.3,165,100.1,123,97.9,114
Kennesaw St.,ASun,68.2,186,68.1,230,18.5,297,16.9,54,83.5,351,81.2,352,112.2,329,110.8,337
Furman,SC,68.2,187,69.2,166,17.3,156,17.6,196,107.7,78,108.2,35,98.1,85,96.4,79
Colorado,P12,68.2,188,68.1,231,17.7,203,17.8,247,109.1,54,103.4,122,93.4,32,93.9,31
Jacksonville St.,OVC,68.1,189,69.1,171,18.4,281,16.6,22,95.8,293,98.5,224,105.5,245,101.2,191
Notre Dame,ACC,68.1,190,69,177,16.9,99,18,277,110.7,41,106.9,56,98.6,100,98.9,134
Xavier,BE,68.1,191,69.2,167,17.8,222,17.2,113,106.1,103,100.3,186,92.2,20,96.2,69
Mercer,SC,68.1,192,69.8,125,17.7,197,17,77,100.1,216,100.3,187,102.7,188,101,188
Toledo,MAC,68.1,193,69.3,160,17.4,168,17.1,101,106.3,102,105.9,73,105.1,237,102.3,223
UC Davis,BW,68,194,67.8,241,17.5,171,18.2,308,104.7,140,103.1,128,109.4,311,106.2,298
Ohio,MAC,68,195,68.8,189,18.2,261,17,65,103.6,161,102.2,148,103.3,195,101.7,201
Mississippi,SEC,68,196,68.8,191,17.5,178,17.4,155,103.7,158,99.5,201,97,74,98.8,132
Saint Peter's,MAAC,68,197,68.6,204,18,231,17.2,116,95.4,300,96.5,272,97.3,80,93,20
Grand Canyon,WAC,68,198,67.5,254,17.9,226,17.9,266,103.4,164,103.3,124,112.1,327,106.8,308
Cincinnati,Amer,68,199,68.8,185,17.2,137,17.9,256,108.8,59,102.3,142,94.7,51,94.4,40
Ball St.,MAC,68,200,69.1,173,18,239,17.1,80,99.2,235,100.2,190,94,37,91.5,12
South Dakota St.,Sum,68,201,69.8,123,17.3,150,17.4,153,110,46,110.8,11,105.3,241,101.2,192
Hofstra,CAA,67.9,202,68.4,221,16.9,108,18.4,337,108.7,62,110.2,15,102.6,187,100,165
VMI,SC,67.9,203,68.7,196,17,120,18,285,100.2,215,100.5,181,108.1,296,106.6,303
Drake,MVC,67.9,204,67.3,262,18,234,17.9,261,102,189,100.4,185,101.3,155,100.6,175
Purdue Fort Wayne,Sum,67.9,205,68.9,180,17.1,122,17.9,267,95.4,299,97.7,238,103.8,204,104.6,275
Indiana,B10,67.9,206,68.7,200,17.6,192,17.7,215,108.5,65,103.2,126,92.7,26,97.3,99
Longwood,BSth,67.8,207,68.5,213,17,110,18.2,313,91.3,339,95.5,295,105.1,234,100,164
UCF,Amer,67.8,208,68.7,197,17.8,220,17.2,121,103.5,162,99.4,204,98.6,98,98,116
Austin Peay,OVC,67.8,209,69.1,170,17.7,204,17,68,106.9,90,108.4,31,107,275,103.7,253
UNC Greensboro,SC,67.8,210,68.6,205,17.1,131,18.2,316,103.7,160,103.4,121,95.5,58,92.9,18
Duquesne,A10,67.8,211,67.7,247,18.1,244,18.1,293,106.6,94,104.7,94,99,104,97,96
UC Irvine,BW,67.7,212,68.4,218,17.7,201,17.5,179,105.4,121,104.8,93,99.3,109,96.2,72
Alabama A&M,SWAC,67.7,213,69.6,137,17.9,223,17.2,122,87.9,348,88.2,347,108.2,297,101.9,216
UT Arlington,SB,67.7,214,68.7,198,17.4,159,17.8,244,102.3,180,100.4,184,98.4,95,99.2,145
Kentucky,SEC,67.7,215,68.5,212,17.6,194,17.9,264,112.7,24,108,37,95.1,52,96.2,70
Weber St.,BSky,67.6,216,67.9,236,18.2,253,17.6,203,98.8,241,95.5,294,107.9,291,107.2,312
Evansville,MVC,67.6,217,67.8,243,18.3,277,17.2,110,96.9,274,95,302,107.4,280,106.8,309
Southeast Missouri St.,OVC,67.6,218,68.6,202,17,116,17.9,275,94,324,95.3,296,113,334,109.2,328
Saint Louis,A10,67.6,219,68.4,215,17.6,182,17.5,182,105.8,111,103.1,129,94.4,44,93.9,29
Dayton,A10,67.6,220,68,233,17.2,146,18.3,326,119.1,2,116.4,2,94.1,38,93.7,25
Maryland Eastern Shore,MEAC,67.5,221,69.3,158,18.2,252,16.7,28,81.7,352,81.2,351,107.8,288,103.8,257
William & Mary,CAA,67.5,222,67.9,239,18.4,280,17.1,91,103.3,167,104.3,103,105.5,244,103.7,252
Wagner,NEC,67.5,223,68.8,192,18.2,264,17,71,97.3,266,97.2,254,113.9,339,109.6,330
UTEP,CUSA,67.5,224,68.4,219,17.5,176,17.9,263,96.9,273,95.6,290,98.2,89,96.1,66
Norfolk St.,MEAC,67.5,225,69.3,155,17.8,208,17,73,94.2,321,96.8,263,101.9,164,95,48
South Carolina St.,MEAC,67.4,226,69.2,165,18.6,302,16.9,58,94.9,306,96.6,269,113.2,335,106.8,306
Yale,Ivy,67.4,227,67.9,237,18.4,278,17.3,133,107.9,73,106.2,67,96.4,67,94.3,37
Western Michigan,MAC,67.4,228,68.4,217,18,230,17.3,124,99.4,232,97.4,248,105.7,251,105,278
Utah St.,MWC,67.4,229,68,234,17.5,170,18,278,109.5,49,108,38,94.6,48,94.1,35
Idaho St.,BSky,67.4,230,67.6,250,18.6,303,17.3,139,100.8,206,99.5,202,111.1,321,109.9,331
Rutgers,B10,67.4,231,67.6,253,17.6,189,18.1,297,107.9,72,101.9,153,90.2,6,92.9,19
Morehead St.,OVC,67.3,232,68.8,188,17.6,181,17.4,166,94.6,309,96.3,275,108.1,294,102.8,235
Kansas,B12,67.3,233,67.6,248,17.1,127,18.4,331,115.8,8,108.6,28,85.5,2,89.3,3
Montana St.,BSky,67.3,234,67.8,242,17.7,198,18,289,97,270,96.6,268,101.6,159,100.1,166
Drexel,CAA,67.3,235,67.7,244,18.6,301,16.9,62,100,219,99.7,198,106.7,271,104.6,274
Texas Tech,B12,67.3,236,68.3,223,17.6,193,17.9,272,109.8,47,103.8,109,90.5,9,91.7,13
Arkansas St.,SB,67.3,237,68.3,225,17.1,130,18.3,321,104.2,148,102.5,137,107.5,284,105.8,292
Southern Miss,CUSA,67.2,238,68.2,226,18.5,292,16.8,39,94.4,313,92.3,331,103.8,207,105.6,290
Kansas St.,B12,67.2,239,67.3,267,17.6,190,18.3,319,102.5,177,95,304,94.2,40,96.3,76
Appalachian St.,SB,67.2,240,68.3,222,17.4,163,17.8,234,99.9,220,98.2,230,100.2,127,99.2,146
Cleveland St.,Horz,67.1,241,69,178,18.2,257,16.7,29,92.9,329,91.9,335,105.7,250,104.2,267
Louisville,ACC,67.1,242,67.2,269,17.4,162,18.3,329,114.5,12,109.7,20,93.1,30,94,32
Miami OH,MAC,67.1,243,68.8,190,17.9,229,17.1,96,102,188,100.3,188,107,276,105.6,289
Bradley,MVC,67.1,244,67.1,271,17.6,191,18.2,315,106.8,92,105,85,100.7,134,97.8,110
Maryland,B10,67,245,67.6,249,17.7,206,18.1,290,113.5,18,106.3,64,92.4,22,95.7,58
George Mason,A10,67,246,67.4,261,18.1,246,17.6,193,101.3,197,99,214,101.3,153,100.2,167
UNLV,MWC,67,247,67.3,266,18.2,255,17.6,190,107.9,74,104.3,101,100.6,133,101.8,207
Chattanooga,SC,67,248,68.2,227,18.3,274,16.9,61,106.6,93,105.4,81,104.8,225,102.5,230
NJIT,ASun,66.9,249,66.6,291,18.4,288,17.7,210,94.7,307,94.8,309,105.8,255,102.6,232
Charleston Southern,BSth,66.9,250,67.9,238,17.9,227,17.5,176,95.4,296,97.3,253,109.1,308,105.9,293
Lafayette,Pat,66.9,251,67.5,255,18,235,17.8,243,100.6,211,102.7,135,105.5,246,102.7,233
Tennessee Tech,OVC,66.9,252,68.5,210,17.7,202,17.6,191,92.5,334,92.9,327,109.3,310,105.9,294
Presbyterian,BSth,66.9,253,67,279,18.6,305,17.4,157,96.9,272,97.9,232,114.4,341,110.3,334
Eastern Michigan,MAC,66.8,254,67.7,245,17.4,166,18.2,314,94.2,318,91.6,336,96.6,70,96.9,90
UMBC,AE,66.8,255,67.3,265,17.7,195,18.1,305,97.8,258,96.8,262,105.7,252,101.9,211
Southern,SWAC,66.8,256,68.5,208,18.4,282,17.5,172,97.2,267,97.5,246,104.8,224,97.8,109
Minnesota,B10,66.8,257,67.3,264,18,236,17.8,232,112.1,30,104.6,96,94.2,41,98.1,118
Wyoming,MWC,66.7,258,67.4,260,18.3,269,17.5,183,94.1,322,90.7,339,100.9,139,102.9,237
Northwestern,B10,66.7,259,66.7,287,17.8,211,18.3,323,104.9,131,96.7,265,101.3,150,104.5,273
Utah,P12,66.7,260,67.6,252,18.2,265,17.4,162,106.3,100,102.3,143,100.8,135,103.2,243
Siena,MAAC,66.7,261,67.2,270,17.8,212,18.4,334,107.2,87,106.5,61,105.1,236,99.4,152
Jacksonville,ASun,66.6,262,66.7,285,17.8,219,18.4,332,96,290,96.4,274,102.5,183,97.9,112
North Carolina Central,MEAC,66.6,263,68.8,187,17.4,160,17.9,269,94.2,319,95.9,284,103.2,193,97.7,105
George Washington,A10,66.6,264,66.7,283,19.2,331,17.3,140,99.2,236,96,280,105.8,253,103.7,254
Northern Arizona,BSky,66.6,265,67.1,273,18.3,275,17.8,251,102.3,179,102.2,144,106.7,269,105.6,291
Louisiana Tech,CUSA,66.5,266,67.7,246,17.8,218,17.8,230,108.7,60,107.7,47,98.2,90,94.7,44
Missouri,SEC,66.5,267,67,277,17.9,225,17.9,273,104.1,150,99.5,203,96.7,71,96.7,85
Old Dominion,CUSA,66.4,268,67.5,257,18.5,291,17.2,114,98.3,249,96.2,279,98.3,92,96.3,74
Youngstown St.,Horz,66.4,269,68,235,18.1,245,17.4,163,103,173,103.5,118,108.5,303,104.4,269
Indiana St.,MVC,66.4,270,66.2,305,18.7,308,17.8,242,105.8,113,103.3,125,101.2,145,100.9,186
High Point,BSth,66.4,271,67,275,18.9,321,16.9,55,94.5,310,95.5,293,113.6,338,111.4,339
Boston University,Pat,66.3,272,66.5,299,18.1,241,18.3,328,103.3,166,104.6,97,102.6,186,99.6,154
Vermont,AE,66.3,273,66.5,298,18.3,273,18,279,106.5,98,106.5,62,96.4,68,90.1,8
Princeton,Ivy,66.3,274,67.1,272,18.3,266,17.4,158,107,89,105.2,83,105.5,243,103.8,258
Villanova,BE,66.2,275,67.6,251,18.3,268,17.2,120,113.9,15,107.8,44,94,36,98.3,121
Mississippi St.,SEC,66.2,276,67.3,263,18.4,289,17.2,119,113.4,19,109.2,23,99.8,119,101.1,189
Baylor,B12,66.2,277,66.6,289,18.4,283,17.9,265,113.5,17,106.3,66,88.1,4,90.1,7
Elon,CAA,66.2,278,66.5,301,18.1,250,18.1,304,100.6,208,100,194,110,313,108.3,322
Gardner Webb,BSth,66.2,279,66.8,281,18.1,247,18.1,294,102.2,181,104.6,98,106.7,270,103.9,260
Ohio St.,B10,66.2,280,66.7,286,18.3,267,17.7,226,114.3,13,108.1,36,92,19,94.5,41
East Tennessee St.,SC,66.1,281,67.5,258,18.4,285,17.3,127,108.2,69,109.7,19,96,65,95.9,62
Robert Morris,NEC,66.1,282,67.1,274,17.6,184,18.3,322,100.5,212,102.8,134,103.8,205,100.2,169
Incarnate Word,Slnd,66.1,283,68.6,206,18.6,306,16.7,31,90.3,341,92,334,112.8,333,109,327
Arkansas Pine Bluff,SWAC,66.1,284,67.5,259,19.4,336,17.1,100,79,353,78.2,353,104.6,223,100.8,180
Oakland,Horz,66.1,285,67.2,268,18.9,317,16.9,63,98.6,246,98.4,226,105,233,102.3,224
Florida Gulf Coast,ASun,66.1,286,66.2,307,18.7,309,17.9,257,91.2,340,90.8,338,103.3,194,99.7,158
North Dakota St.,Sum,66,287,67.5,256,18.9,319,17,67,106.8,91,108.4,30,101.2,148,99.3,150
Illinois,B10,66,288,67,278,18.9,318,17.1,85,110.9,38,105.1,84,93.7,35,97.2,98
Niagara,MAAC,66,289,66.5,300,18.5,295,17.8,240,100.1,218,97.8,235,111.6,325,107.9,318
Clemson,ACC,66,290,66.6,294,17.8,210,18.4,340,103.9,155,98.6,220,93.5,33,95.2,53
Northeastern,CAA,65.9,291,65.8,320,18.4,284,18.5,347,105.4,123,107.7,45,103.2,192,100.7,179
Texas,B12,65.9,292,66.2,310,18.3,271,18.1,303,104.1,153,97,259,92.6,24,95.6,56
Wofford,SC,65.9,293,66.6,296,18.2,258,18.4,336,104.5,142,104.3,105,103.4,197,102.4,228
Maine,AE,65.9,294,66,317,19.1,328,17.6,201,92.9,330,90.3,343,106.8,273,103.1,242
Charleston,CAA,65.9,295,66.6,288,18.3,276,17.9,270,105,129,105,87,104.9,229,103.3,246
Manhattan,MAAC,65.8,296,66.2,306,17.9,224,18.4,333,92.8,331,93.1,326,101.6,160,96.4,78
Tulsa,Amer,65.8,297,67,276,17.8,213,18.1,302,103.2,168,99.5,200,93.6,34,92.8,17
Dartmouth,Ivy,65.8,298,66.3,303,18.5,293,17.7,225,96.7,276,95.3,298,99.9,121,96.7,84
Northern Iowa,MVC,65.8,299,65.7,323,18.6,300,18.1,295,112.7,23,110.7,12,99.3,108,97.9,113
Houston,Amer,65.7,300,66.8,282,18.5,294,17.5,170,112.7,22,107.7,48,92.3,21,92.7,16
St. Bonaventure,A10,65.7,301,66.2,309,18.4,286,17.9,274,106.6,95,103.6,115,102.2,174,100.8,184
UAB,CUSA,65.7,302,67,280,18.8,314,17.2,115,100.8,205,99.3,207,102.1,173,98.5,128
Texas A&M Corpus Chris,Slnd,65.7,303,68.3,224,18.6,304,16.5,21,94.3,317,96,283,106,257,101.9,210
Northern Kentucky,Horz,65.7,304,67.9,240,18.3,272,17.2,107,102,191,103.6,116,99.8,120,96.3,75
Oregon St.,P12,65.6,305,66.6,295,18.4,287,17.9,268,110.9,39,106.7,59,102,165,101.8,208
Campbell,BSth,65.6,306,66.6,292,18.5,298,17.6,198,96.8,275,100.5,180,105.3,239,100.7,177
Charlotte,CUSA,65.5,307,66.6,290,18.9,315,17.3,138,98.5,247,98.1,231,98,84,95.8,60
Pittsburgh,ACC,65.5,308,66,314,18.6,299,17.9,252,104,154,98.3,227,98.3,91,99.1,140
Virginia Tech,ACC,65.5,309,66.1,311,18.1,251,18.2,317,104.3,147,101.3,164,98,82,98.4,126
South Alabama,SB,65.3,310,66.7,284,17.8,215,18.5,343,104.9,130,104,108,103.9,209,102.4,226
Loyola Chicago,MVC,65.3,311,65.5,328,18.1,249,18.5,345,103.7,159,102.6,136,96.8,72,94.8,45
Texas St.,SB,65.2,312,66.6,293,19,323,17.3,130,106.3,101,104.8,92,98.3,93,96.4,77
Tennessee,SEC,65.2,313,66.6,297,18.2,256,18,281,106.6,96,100.8,174,95.8,62,96.8,88
Cornell,Ivy,65.2,314,65.8,319,18.9,322,17.7,211,101.2,198,98.8,217,110.3,317,108.8,326
California,P12,65.2,315,65.7,322,19.4,334,17.5,184,101.5,195,95.1,301,100.4,130,103.9,261
Marist,MAAC,65.2,316,65.5,327,19.2,330,17.7,219,90.2,343,90.6,341,103.8,203,98.2,119
Towson,CAA,65.1,317,65.4,332,19.5,338,17.4,164,105.7,114,105.6,76,104.8,226,103.2,244
TCU,B12,65.1,318,65.6,326,18.8,313,18.1,301,105.5,119,97.5,242,96.1,66,98.2,120
Oregon,P12,65,319,66.2,308,18.1,248,18.5,346,117.1,6,111.9,7,97.1,76,98.3,124
Northern Colorado,BSky,65,320,65.5,331,19.2,332,17.7,228,110.2,45,110.3,13,100.1,122,97,94
Cal St. Bakersfield,WAC,64.9,321,65.5,330,19,325,17.8,237,96.2,286,97.6,241,104.9,228,103.4,248
Louisiana Monroe,SB,64.9,322,66.1,313,19.4,335,17.1,88,96.1,287,93.7,318,103.7,201,103.2,245
Pacific,WCC,64.9,323,65.9,318,19.6,339,17.4,154,103.8,156,102.4,141,99.1,107,97.1,97
South Florida,Amer,64.9,324,65.5,329,18.7,307,18.2,318,100.2,214,95,306,95.9,63,95,49
UCLA,P12,64.9,325,66.3,302,18.8,312,17.5,177,109.3,51,103.6,114,99.4,112,101.1,190
Florida,SEC,64.9,326,66.2,304,18,238,18.4,339,112.5,27,107.3,50,95.7,61,99,136
UMKC,WAC,64.9,327,65.6,324,19,324,17.9,253,97.5,263,98.5,221,103.6,199,101.9,215
Fordham,A10,64.8,328,65.2,333,19.1,329,17.8,233,89.1,347,88.6,345,95.9,64,93.7,26
Northern Illinois,MAC,64.8,329,66.1,312,18.2,262,18.1,298,99.8,222,99.1,211,100.8,138,98.1,117
Davidson,A10,64.8,330,65.6,325,19.1,327,17.8,229,112.5,26,108.6,27,101.9,163,100.3,170
SMU,Amer,64.8,331,66,315,18.5,296,18.2,312,112.4,28,108.3,32,103.8,202,101.7,205
San Diego St.,MWC,64.6,332,66,316,17.7,199,18.7,350,115.1,11,112.8,3,90.6,10,91,10
Purdue,B10,64.6,333,64.7,338,18.8,310,18.6,348,109.3,50,102.9,130,90.8,11,94.3,39
Texas A&M,SEC,64.5,334,65.7,321,18.9,320,18,284,101,203,95.8,286,97.2,77,99,135
UC Santa Barbara,BW,64.5,335,64.9,337,18.9,316,18.4,335,106.1,106,107,55,105.3,242,101.6,199
Radford,BSth,64.3,336,64.9,336,19.4,337,17.7,213,105.6,118,108.5,29,106.8,272,103.9,259
Southern Illinois,MVC,64.2,337,64.1,346,20,344,17.5,175,98.2,252,96.6,266,98.6,99,97.3,100
Fresno St.,MWC,64.2,338,65,334,19,326,18,288,105.1,127,103.2,127,104.1,214,105.1,280
Saint Mary's,WCC,63.9,339,65,335,20.2,348,17.3,128,113.7,16,111.2,9,98.5,96,100.3,171
Sacramento St.,BSky,63.9,340,64.4,341,19.7,340,17.7,217,97.1,268,97.1,256,98.2,87,95.8,61
Butler,BE,63.7,341,64.5,339,20,342,17.6,189,112.6,25,105.9,72,94.2,42,95.9,63
Wisconsin,B10,63.7,342,64.5,340,20.1,347,17.1,97,110.8,40,103.6,113,91.9,17,96.3,73
New Mexico St.,WAC,63.5,343,64.3,342,20,343,17.9,262,107.6,80,107.9,41,99.4,113,94.6,43
Stetson,ASun,63.2,344,63.9,349,20.1,345,17.6,199,98.1,255,97.9,233,108.3,299,104.5,271
Mount St. Mary's,NEC,63.2,345,64.3,344,19.7,341,17.7,206,96.4,281,97.9,234,107.5,283,102.9,238
Fairfield,MAAC,63.2,346,63.6,350,20.5,349,17.5,171,90.1,344,90.2,344,101.6,161,97.7,104
UC Riverside,BW,63.2,347,64.1,347,20.6,351,17.3,136,95.8,294,97.3,252,99.8,118,96.6,82
Merrimack,NEC,63.2,348,64,348,18.8,311,18.9,352,93.9,325,94.9,307,98.8,101,95,50
Loyola Marymount,WCC,63,349,64.3,343,20.5,350,17.8,231,100.6,209,97.4,247,104,211,105.2,281
North Texas,CUSA,62.9,350,64.2,345,19.3,333,18.1,296,111.2,34,107.7,46,101.2,146,99.3,149
Navy,Pat,62.5,351,62.2,351,20.1,346,18.5,344,98.1,254,99.2,208,106,258,101.9,212
Liberty,ASun,61.5,352,61.3,352,20.9,352,18.4,342,106.1,107,109.9,16,96.4,69,89.8,6
Virginia,ACC,59.4,353,60.3,353,21.1,353,18.8,351,99.3,234,93.6,319,85.1,1,85.9,1
