Season,TeamName,O_eFGPct,O_RankeFGPct,O_TOPct,O_RankTOPct,O_ORPct,O_RankORPct,O_FTRate,O_RankFTRate,D_eFGPct,D_RankeFGPct,D_TOPct,D_RankTOPct,D_ORPct,D_RankORPct,D_FTRate,D_RankFTRate,D_DRPct,D_RankDRPct,O_AdjOER,O_RankAdjOER,D_AdjDER,D_RankAdjDER,AdjNetR,RankAdjNetR,O_RawOER,O_RankRawOER,D_RawDER,D_RankRawDER,RawNetR,RankRawNetR
2020,Gonzaga,57.5,3,15.3,12,33.6,30,38.8,43,47.6,88,18.4,196,22.7,16,21.8,7,77.3,16,121.3,1,94.4,43,26.89999999999999,2,120.1,1,93.3,23,26.799999999999997,1
2020,Dayton,59.7,1,18.0,109,26.4,225,33.9,143,46.6,53,18.7,167,26.6,115,30.9,149,73.4,119,119.1,2,94.1,38,25.0,4,116.4,2,93.7,25,22.700000000000003,2
2020,San Diego St.,54.6,14,16.2,32,28.2,166,28.3,284,45.3,18,21.2,49,25.4,63,30.6,140,74.6,67,115.1,11,90.6,10,24.5,6,112.8,3,91.0,10,21.799999999999997,3
2020,Duke,52.6,50,17.8,95,34.8,17,35.6,99,45.7,26,20.2,91,28.0,176,30.9,145,72.0,178,115.7,9,91.1,12,24.60000000000001,5,111.9,6,91.4,11,20.5,4
2020,Liberty,54.4,19,15.2,10,23.9,294,32.0,201,45.6,20,19.4,130,21.3,4,28.6,83,78.7,4,106.1,107,96.4,69,9.699999999999989,79,109.9,16,89.8,6,20.10000000000001,5
2020,Kansas,53.7,24,18.7,166,32.6,41,35.8,89,43.7,4,18.6,178,26.4,108,23.2,12,73.6,110,115.8,8,85.5,2,30.299999999999997,1,108.6,28,89.3,3,19.299999999999997,6
2020,Vermont,51.6,78,17.2,63,27.5,187,31.3,212,44.8,11,19.1,152,22.6,14,31.4,163,77.4,14,106.5,98,96.4,68,10.099999999999994,75,106.5,62,90.1,8,16.400000000000006,7
2020,Baylor,49.4,188,17.8,97,35.7,8,30.8,228,45.2,15,22.7,22,29.8,261,30.8,141,70.2,259,113.5,17,88.1,4,25.400000000000006,3,106.3,66,90.1,7,16.200000000000003,8
2020,Louisville,52.5,53,17.9,105,32.0,55,32.2,193,45.1,14,17.4,265,25.0,50,29.0,91,75.0,51,114.5,12,93.1,30,21.400000000000006,9,109.7,20,94.0,32,15.700000000000003,9
2020,Michigan St.,52.6,47,18.1,116,32.8,37,30.8,226,43.3,3,15.8,331,26.0,91,29.3,100,74.0,92,115.2,10,91.2,13,24.0,7,109.3,22,93.8,27,15.5,10
2020,Arizona,50.7,121,16.7,47,30.7,85,36.7,76,45.3,17,20.6,74,25.9,82,35.2,242,74.1,82,111.0,35,91.4,14,19.599999999999994,19,107.6,49,92.4,15,15.199999999999989,11
2020,BYU,58.1,2,15.5,16,20.6,344,23.4,343,49.0,143,18.2,206,24.1,35,27.9,65,75.9,32,116.3,7,95.6,60,20.700000000000003,13,112.1,5,97.0,92,15.099999999999994,12
2020,Houston,48.0,249,17.8,90,38.7,2,32.9,169,43.9,5,18.2,209,25.3,61,41.6,324,74.7,62,112.7,22,92.3,21,20.400000000000006,14,107.7,48,92.7,16,15.0,13
2020,Belmont,54.8,10,16.0,27,24.7,278,22.9,346,47.8,95,19.5,128,26.7,122,24.3,23,73.3,121,106.5,97,100.5,132,6.0,109,109.0,25,94.3,38,14.700000000000003,14
2020,Stephen F. Austin,53.3,31,23.6,349,37.3,3,44.0,3,49.6,184,27.8,1,26.8,129,44.6,338,73.2,127,104.1,152,97.1,75,7.0,100,106.3,65,91.8,14,14.5,15
2020,Utah St.,51.8,70,18.2,130,30.7,88,36.3,77,46.4,45,17.5,259,22.5,11,26.8,50,77.5,12,109.5,49,94.6,48,14.900000000000006,41,108.0,38,94.1,35,13.900000000000006,16
2020,East Tennessee St.,53.5,28,18.2,128,31.8,59,36.9,68,49.8,194,22.3,33,26.2,98,33.1,206,73.8,98,108.2,69,96.0,65,12.200000000000003,56,109.7,19,95.9,62,13.799999999999997,17
2020,Oregon,54.3,20,17.5,79,32.7,39,28.9,272,47.3,79,19.8,109,31.1,307,29.5,109,68.9,306,117.1,6,97.1,76,20.0,17,111.9,7,98.3,124,13.600000000000009,18
2020,Ohio St.,52.3,59,19.1,197,31.1,75,36.7,73,46.2,35,18.3,200,25.5,72,29.3,101,74.5,74,114.3,13,92.0,19,22.299999999999997,8,108.1,36,94.5,41,13.599999999999994,19
2020,Florida St.,51.9,68,18.9,187,33.5,31,30.1,242,47.0,67,23.7,9,30.2,281,34.4,229,69.8,281,111.7,32,91.5,15,20.200000000000003,16,107.1,53,93.6,24,13.5,20
2020,New Mexico St.,52.7,45,20.6,290,34.5,21,31.9,202,49.6,181,20.9,57,21.7,8,32.0,180,78.3,7,107.6,80,99.4,113,8.199999999999989,92,107.9,41,94.6,43,13.300000000000011,21
2020,Northern Colorado,54.7,12,15.4,14,25.0,274,25.3,332,48.5,126,16.8,296,24.0,28,24.9,26,76.0,28,110.2,45,100.1,122,10.100000000000009,74,110.3,13,97.0,94,13.299999999999997,22
2020,Louisiana Tech,53.3,33,18.5,148,30.2,105,29.3,261,47.2,73,20.7,65,26.8,127,32.6,194,73.2,132,108.7,60,98.2,90,10.5,71,107.7,47,94.7,44,13.0,23
2020,Northern Iowa,54.8,11,18.6,158,28.9,145,27.6,295,48.5,123,15.6,336,22.5,12,25.8,32,77.5,11,112.7,23,99.3,108,13.400000000000006,50,110.7,12,97.9,113,12.799999999999997,24
2020,Richmond,53.4,30,15.6,17,22.6,321,27.8,293,47.7,92,19.9,107,26.3,104,30.2,129,73.7,104,109.2,53,95.3,54,13.900000000000006,45,107.8,43,95.2,52,12.599999999999994,25
2020,Texas Tech,51.7,77,19.7,237,28.0,172,34.5,127,46.2,37,23.0,17,29.3,237,35.4,250,70.7,237,109.8,47,90.5,9,19.299999999999997,21,103.8,109,91.7,13,12.099999999999994,26
2020,Yale,53.8,23,18.5,153,25.8,245,31.2,215,46.5,49,16.6,305,21.3,5,25.7,31,78.7,3,107.9,73,96.4,67,11.5,59,106.2,67,94.3,37,11.900000000000006,27
2020,Kentucky,50.7,123,18.1,122,30.8,81,40.8,18,45.3,19,17.3,268,28.5,196,32.1,181,71.5,197,112.7,24,95.1,52,17.60000000000001,29,108.0,37,96.2,70,11.799999999999997,28
2020,Furman,54.6,16,16.6,46,23.5,302,31.6,206,50.7,238,23.0,19,28.4,191,26.8,51,71.6,192,107.7,78,98.1,85,9.600000000000009,81,108.2,35,96.4,79,11.799999999999997,29
2020,Wright St.,51.0,107,16.6,45,31.9,56,37.8,53,46.6,51,19.0,156,29.4,246,27.2,55,70.6,243,104.9,132,101.4,157,3.5,133,107.9,39,96.2,71,11.700000000000003,30
2020,Murray St.,52.7,42,19.9,248,28.9,144,40.1,26,46.4,46,18.5,187,24.8,47,32.2,185,75.2,47,102.4,178,99.3,110,3.1000000000000085,136,105.6,77,94.1,33,11.5,31
2020,West Virginia,46.5,308,20.7,297,40.1,1,40.5,23,44.5,8,22.4,29,27.7,159,37.0,280,72.3,158,108.3,67,87.1,3,21.200000000000003,10,100.9,172,89.5,4,11.400000000000006,32
2020,Akron,51.7,72,17.9,108,27.4,195,35.5,101,45.9,29,18.4,195,29.2,233,29.1,93,70.8,236,108.5,66,98.9,103,9.599999999999994,82,106.8,58,95.6,57,11.200000000000003,33
2020,Wichita St.,47.1,285,17.9,106,31.7,62,33.7,145,44.4,7,20.0,98,24.1,34,38.4,297,75.9,33,105.6,117,90.4,8,15.199999999999989,39,100.7,177,89.7,5,11.0,34
2020,Saint Mary's,54.1,21,14.9,6,25.2,266,30.8,229,50.8,243,17.7,242,23.6,22,28.0,68,76.4,22,113.7,16,98.5,96,15.200000000000003,38,111.2,9,100.3,171,10.900000000000006,35
2020,Winthrop,53.0,35,19.1,196,34.8,18,36.3,79,50.7,235,20.0,103,24.1,32,41.9,327,75.9,36,104.7,136,102.1,169,2.6000000000000085,140,108.9,26,98.3,125,10.600000000000009,36
2020,Auburn,50.0,152,17.9,98,35.3,13,43.8,4,47.1,70,18.7,170,27.4,148,33.9,219,72.6,146,111.4,33,95.5,55,15.900000000000006,33,108.3,33,97.7,106,10.599999999999994,37
2020,Maryland,48.6,217,16.7,49,31.5,66,37.7,54,46.1,34,17.3,274,26.6,116,24.2,22,73.4,117,113.5,18,92.4,22,21.099999999999994,11,106.3,64,95.7,58,10.599999999999994,38
2020,UNC Greensboro,48.8,208,16.5,43,33.0,34,24.9,335,50.0,204,24.9,4,27.0,139,36.8,275,73.0,138,103.7,160,95.5,58,8.200000000000003,91,103.4,121,92.9,18,10.5,39
2020,Creighton,55.2,6,15.9,25,23.9,295,28.8,274,48.4,122,17.6,246,30.2,280,23.4,13,69.8,280,118.2,3,97.3,78,20.900000000000006,12,111.1,10,100.6,176,10.5,40
2020,Colgate,52.8,41,15.7,21,27.9,173,24.8,336,49.8,196,17.3,269,26.3,99,23.8,18,73.7,107,107.2,86,102.5,182,4.700000000000003,120,109.9,17,99.6,153,10.300000000000011,41
2020,LSU,52.7,43,17.6,83,35.1,15,35.4,102,49.4,172,16.6,302,28.5,197,26.4,42,71.5,198,118.1,4,102.4,179,15.699999999999989,37,112.8,4,102.6,231,10.200000000000003,42
2020,Hofstra,51.7,73,16.5,41,29.8,116,34.3,132,50.4,226,19.8,111,29.4,242,20.3,3,70.6,247,108.7,62,102.6,187,6.1000000000000085,107,110.2,15,100.0,165,10.200000000000003,43
2020,Butler,52.3,58,17.3,70,29.4,127,29.4,254,45.8,27,17.9,231,25.4,67,30.9,148,74.6,68,112.6,25,94.2,42,18.39999999999999,25,105.9,72,95.9,63,10.0,44
2020,Stanford,53.5,27,20.7,298,22.1,328,31.0,220,45.6,21,22.4,27,27.8,167,31.8,173,72.2,163,104.4,143,90.3,7,14.100000000000009,43,100.5,182,90.5,9,10.0,45
2020,South Dakota St.,55.8,4,18.4,141,28.2,162,32.3,188,48.1,108,15.3,339,27.1,140,26.0,34,72.9,140,110.0,46,105.3,241,4.700000000000003,119,110.8,11,101.2,192,9.599999999999994,46
2020,Villanova,52.6,46,16.0,29,25.8,247,26.9,309,48.2,114,16.9,292,24.5,42,23.6,16,75.5,42,113.9,15,94.0,36,19.900000000000006,18,107.8,44,98.3,121,9.5,47
2020,Colorado,50.5,129,19.2,208,30.3,101,36.2,82,46.9,63,19.4,137,23.9,27,26.1,37,76.1,27,109.1,54,93.4,32,15.699999999999989,36,103.4,122,93.9,31,9.5,48
2020,Seton Hall,51.4,91,18.6,159,29.2,133,34.8,117,45.7,23,19.5,129,30.4,289,32.4,190,69.6,288,112.3,29,92.7,25,19.599999999999994,20,105.4,80,96.1,65,9.300000000000011,49
2020,Penn St.,49.5,177,15.7,20,29.2,134,31.0,221,46.4,42,18.6,180,27.6,154,31.8,172,72.4,153,110.3,43,92.4,23,17.89999999999999,26,105.0,86,95.8,59,9.200000000000003,50
2020,Michigan,52.8,40,15.3,11,25.0,273,26.7,313,46.9,62,16.1,320,25.5,70,26.4,41,74.5,73,113.2,20,93.0,28,20.200000000000003,15,106.8,57,97.6,103,9.200000000000003,51
2020,Saint Louis,50.1,147,18.8,168,34.2,22,39.8,29,46.2,36,19.6,119,25.2,57,36.6,269,74.8,58,105.8,111,94.4,44,11.399999999999991,62,103.1,129,93.9,29,9.199999999999989,52
2020,North Dakota St.,51.9,67,14.7,5,22.4,324,33.3,162,49.2,160,14.6,347,19.0,1,26.6,47,81.0,1,106.8,91,101.2,148,5.599999999999994,113,108.4,30,99.3,150,9.100000000000009,53
2020,Rutgers,48.9,204,17.9,104,32.0,53,29.1,264,45.1,13,18.9,163,25.4,68,27.5,59,74.6,65,107.9,72,90.2,6,17.700000000000003,28,101.9,153,92.9,19,9.0,54
2020,Memphis,49.7,164,22.3,338,30.0,112,39.9,27,41.2,1,20.2,93,29.4,244,35.0,240,70.6,248,100.6,210,89.1,5,11.5,58,97.4,250,88.5,2,8.900000000000006,55
2020,Connecticut,47.8,259,19.9,249,34.1,25,34.6,125,46.4,44,21.9,37,29.4,247,34.6,234,70.6,244,108.6,64,95.6,59,13.0,52,102.9,132,94.1,34,8.800000000000011,56
2020,Ball St.,50.4,134,19.5,225,25.5,254,30.9,223,45.7,24,19.6,121,25.1,54,28.5,82,74.9,53,99.2,235,94.0,37,5.200000000000003,116,100.2,190,91.5,12,8.700000000000003,57
2020,Purdue,47.8,261,17.4,73,34.9,16,25.8,323,47.1,69,20.4,80,27.2,142,31.9,178,72.8,141,109.3,50,90.8,11,18.5,24,102.9,130,94.3,39,8.600000000000009,58
2020,UC Irvine,51.6,84,20.2,262,34.1,24,28.0,290,44.9,12,16.4,311,25.3,60,36.0,261,74.7,59,105.4,121,99.3,109,6.1000000000000085,106,104.8,93,96.2,72,8.599999999999994,59
2020,Arkansas,50.9,112,15.9,24,21.5,333,42.5,5,47.3,78,22.1,35,31.4,312,40.9,320,68.6,312,109.1,55,95.5,57,13.599999999999994,48,104.7,95,96.2,68,8.5,60
2020,North Texas,55.3,5,20.5,284,29.3,130,29.4,258,49.8,195,20.7,68,27.7,155,38.8,300,72.3,156,111.2,34,101.2,146,10.0,77,107.7,46,99.3,149,8.400000000000006,61
2020,Texas St.,48.9,206,16.6,44,29.6,120,35.2,107,46.9,60,21.2,50,29.8,263,39.0,302,70.2,264,106.3,101,98.3,93,8.0,93,104.8,92,96.4,77,8.399999999999991,62
2020,Davidson,53.4,29,16.5,42,24.6,285,31.5,207,49.3,165,17.3,272,24.9,48,32.6,196,75.1,48,112.5,26,101.9,163,10.599999999999994,70,108.6,27,100.3,170,8.299999999999997,63
2020,Florida,52.1,63,17.8,94,31.1,74,34.0,139,47.9,102,19.2,146,27.4,150,33.7,218,72.6,148,112.5,27,95.7,61,16.799999999999997,32,107.3,50,99.0,136,8.299999999999997,64
2020,Marquette,51.6,86,18.8,176,30.0,113,39.2,37,46.8,57,15.1,345,26.0,92,34.8,238,74.0,90,114.0,14,96.9,73,17.099999999999994,31,107.2,51,99.0,137,8.200000000000003,65
2020,Mississippi St.,51.5,87,20.6,292,37.0,4,39.5,34,48.1,107,17.1,283,28.3,189,31.6,165,71.7,189,113.4,19,99.8,119,13.600000000000009,47,109.2,23,101.1,189,8.100000000000009,66
2020,Notre Dame,50.4,132,14.2,3,26.9,207,25.0,334,47.5,85,16.8,298,28.1,180,19.7,2,71.9,180,110.7,41,98.6,100,12.100000000000009,57,106.9,56,98.9,134,8.0,67
2020,VCU,49.7,170,17.8,96,27.5,190,33.0,167,48.1,111,24.5,6,30.1,273,35.9,258,69.9,279,104.7,138,94.4,45,10.299999999999997,73,101.7,155,93.8,28,7.900000000000006,68
2020,Cincinnati,50.3,140,20.2,263,32.0,54,39.6,33,45.7,25,19.8,112,28.8,214,29.2,97,71.2,215,108.8,59,94.7,51,14.099999999999994,44,102.3,142,94.4,40,7.8999999999999915,69
2020,Illinois,48.3,235,17.9,102,35.6,11,32.2,191,47.0,66,16.6,304,25.7,80,23.9,20,74.3,79,110.9,38,93.7,35,17.200000000000003,30,105.1,84,97.2,98,7.8999999999999915,70
2020,Iowa,51.6,82,17.1,60,32.0,52,34.4,128,49.4,171,17.6,258,29.5,253,26.8,49,70.5,252,117.3,5,98.6,97,18.700000000000003,23,110.3,14,102.4,225,7.8999999999999915,71
2020,Loyola Chicago,54.9,9,19.4,220,21.4,335,38.9,40,52.2,291,23.6,11,23.6,21,23.5,14,76.4,21,103.7,159,96.8,72,6.900000000000006,101,102.6,136,94.8,45,7.799999999999997,72
2020,Duquesne,51.2,102,18.5,146,29.5,122,32.8,170,48.0,105,20.2,94,30.5,291,29.2,98,69.5,291,106.6,94,99.0,104,7.599999999999994,95,104.7,94,97.0,96,7.700000000000003,73
2020,Virginia,46.9,291,20.1,257,26.4,228,26.6,314,43.1,2,19.3,142,23.3,18,21.6,5,76.7,18,99.3,234,85.1,1,14.200000000000003,42,93.6,319,85.9,1,7.699999999999989,74
2020,Syracuse,50.5,128,16.5,40,29.6,121,35.7,93,48.3,116,20.3,86,32.2,331,30.2,128,67.8,331,112.8,21,99.6,116,13.200000000000003,51,107.9,42,100.4,173,7.5,75
2020,Providence,47.3,278,19.3,212,33.7,29,35.9,88,47.4,83,21.4,44,28.4,192,37.4,284,71.6,193,107.8,75,92.8,27,15.0,40,102.2,146,94.9,46,7.299999999999997,76
2020,Wisconsin,50.3,138,15.4,13,24.1,291,26.9,307,46.4,48,16.9,291,25.9,88,25.3,29,74.1,81,110.8,40,91.9,17,18.89999999999999,22,103.6,113,96.3,73,7.299999999999997,77
2020,Northern Kentucky,49.5,184,18.0,113,29.7,117,33.4,156,46.5,50,20.2,92,31.9,326,31.0,151,68.1,324,102.0,191,99.8,120,2.200000000000003,142,103.6,116,96.3,75,7.299999999999997,78
2020,Bradley,49.5,182,17.3,68,31.5,65,32.2,192,46.4,47,17.9,230,25.9,87,31.2,156,74.1,83,106.8,92,100.7,134,6.099999999999994,108,105.0,85,97.8,110,7.200000000000003,79
2020,Siena,51.8,71,19.2,204,31.9,58,36.3,80,48.4,121,17.2,279,26.0,93,26.9,52,74.0,91,107.2,87,105.1,236,2.1000000000000085,144,106.5,61,99.4,152,7.099999999999994,80
2020,Northeastern,54.9,8,18.0,110,24.4,289,25.6,329,51.7,278,19.7,114,24.1,36,30.6,138,75.9,35,105.4,123,103.2,192,2.200000000000003,143,107.7,45,100.7,179,7.0,81
2020,San Francisco,51.3,97,17.3,71,29.0,137,29.4,256,50.2,221,18.5,190,24.1,33,31.9,175,75.9,34,108.3,68,98.2,88,10.099999999999994,76,106.1,68,99.3,147,6.799999999999997,82
2020,Harvard,51.2,101,19.7,234,30.0,110,32.6,176,47.3,77,17.5,260,25.0,51,31.4,160,75.0,49,104.7,137,99.0,105,5.700000000000003,110,103.8,111,97.0,93,6.799999999999997,83
2020,Tulsa,49.6,176,19.7,239,26.3,230,39.8,30,46.7,54,21.5,42,28.0,177,28.3,77,72.0,177,103.2,168,93.6,34,9.600000000000009,80,99.5,200,92.8,17,6.700000000000003,84
2020,N.C. State,50.9,113,16.9,53,28.7,149,28.5,282,47.8,97,20.1,96,30.9,302,35.4,252,69.1,301,110.7,42,97.3,79,13.400000000000006,49,105.2,82,98.5,127,6.700000000000003,85
2020,SMU,52.1,65,19.8,243,34.1,23,31.7,204,49.2,157,18.7,175,29.0,227,28.2,74,71.0,222,112.4,28,103.8,202,8.600000000000009,88,108.3,32,101.7,205,6.599999999999994,86
2020,Minnesota,49.4,186,16.7,48,31.3,70,27.5,296,45.6,22,15.8,330,27.9,169,28.0,66,72.1,172,112.1,30,94.2,41,17.89999999999999,27,104.6,96,98.1,118,6.5,87
2020,Cal Baptist,50.8,120,17.8,93,31.0,77,35.3,105,47.6,89,14.0,353,25.6,75,30.6,139,74.4,75,105.3,124,108.1,295,-2.799999999999997,202,108.3,34,101.9,214,6.3999999999999915,88
2020,USC,49.5,181,20.4,277,30.6,91,35.4,104,44.6,9,18.1,217,27.9,174,28.0,69,72.1,174,104.3,145,92.0,18,12.299999999999997,55,99.3,206,93.0,21,6.299999999999997,89
2020,Nevada,52.9,37,16.7,50,25.2,263,28.3,285,46.9,64,15.2,341,24.4,41,36.5,268,75.6,41,110.3,44,101.0,141,9.299999999999997,86,107.1,52,100.8,183,6.299999999999997,90
2020,Rhode Island,46.9,294,16.4,36,30.4,99,37.1,67,47.4,80,20.9,58,28.6,205,28.5,79,71.4,201,105.2,126,94.2,39,11.0,65,101.2,167,95.0,47,6.200000000000003,91
2020,St. Francis PA,51.5,90,17.5,78,32.7,40,32.6,175,50.9,246,19.2,147,29.5,252,27.6,64,70.5,253,107.6,81,107.9,290,-0.30000000000001137,177,109.1,24,102.9,236,6.199999999999989,92
2020,Washington,50.4,135,21.3,314,27.4,192,37.9,52,44.1,6,19.3,140,31.8,320,31.4,159,68.2,323,105.8,112,93.1,31,12.700000000000003,54,99.9,197,93.9,30,6.0,93
2020,Kent St.,52.3,57,18.4,144,30.0,111,28.9,271,48.0,103,19.4,132,30.4,288,34.4,228,69.6,289,106.1,105,102.1,167,4.0,128,106.0,70,100.0,163,6.0,94
2020,Indiana,49.3,191,18.3,135,32.4,44,39.2,36,47.9,101,17.8,237,24.5,44,32.6,195,75.5,44,108.5,65,92.7,26,15.799999999999997,34,103.2,126,97.3,99,5.900000000000006,95
2020,Abilene Christian,49.6,174,20.6,288,28.8,147,41.1,13,50.4,225,26.1,2,29.5,250,48.9,349,70.5,250,99.1,239,100.2,126,-1.1000000000000085,184,101.5,159,96.1,67,5.400000000000006,96
2020,Boise St.,51.1,104,17.8,89,25.5,256,36.0,84,51.1,256,19.2,144,22.6,13,29.8,118,77.4,13,107.0,88,97.6,81,9.400000000000006,83,104.5,99,99.1,141,5.400000000000006,97
2020,UC Santa Barbara,51.1,103,18.3,134,31.3,68,37.2,66,51.0,251,19.0,157,25.7,78,30.1,127,74.3,80,106.1,106,105.3,242,0.7999999999999972,159,107.0,55,101.6,199,5.400000000000006,98
2020,South Carolina,48.6,218,18.1,118,32.1,51,36.8,70,45.2,16,21.3,47,28.6,200,53.1,353,71.4,199,105.4,122,94.7,50,10.700000000000003,69,100.8,176,95.4,54,5.3999999999999915,99
2020,Pacific,49.5,179,18.2,126,33.0,33,34.0,140,48.1,112,18.1,220,21.3,3,41.6,323,78.7,5,103.8,156,99.1,107,4.700000000000003,118,102.4,141,97.1,97,5.300000000000011,100
2020,Eastern Washington,52.0,66,17.7,85,27.3,199,29.6,252,49.1,151,18.5,189,27.0,138,33.7,216,73.0,139,105.4,120,101.1,142,4.300000000000011,124,105.0,88,99.7,156,5.299999999999997,101
2020,Boston University,51.3,98,16.9,56,29.4,125,27.3,301,49.7,185,17.2,278,25.1,52,26.1,39,74.9,55,103.3,166,102.6,186,0.7000000000000028,162,104.6,97,99.6,154,5.0,102
2020,Oregon St.,51.6,80,17.3,72,26.5,224,38.8,42,49.4,169,18.6,186,29.0,222,30.9,144,71.0,224,110.9,39,102.0,165,8.900000000000006,87,106.7,59,101.8,208,4.900000000000006,103
2020,Oral Roberts,50.9,114,13.9,2,29.0,138,28.2,287,51.6,276,18.1,215,26.8,132,31.7,166,73.2,133,108.2,70,104.9,231,3.299999999999997,135,109.8,18,105.0,279,4.799999999999997,104
2020,Austin Peay,51.3,99,18.4,139,32.9,35,37.3,62,53.1,318,20.5,75,27.9,175,32.5,191,72.1,170,106.9,90,107.0,275,-0.09999999999999432,174,108.4,31,103.7,253,4.700000000000003,105
2020,Western Kentucky,51.3,100,17.7,88,25.5,258,39.6,32,50.2,219,19.3,141,31.1,306,21.0,4,68.9,307,108.9,56,103.3,196,5.6000000000000085,112,106.3,63,101.7,203,4.599999999999994,106
2020,Radford,52.6,49,16.4,38,30.4,100,32.5,178,50.1,218,16.3,314,26.6,118,34.3,225,73.4,116,105.6,118,106.8,272,-1.2000000000000028,187,108.5,29,103.9,259,4.599999999999994,107
2020,Little Rock,52.8,39,22.1,333,30.1,106,45.3,2,49.0,144,19.6,120,28.7,211,34.4,230,71.3,209,106.4,99,102.5,184,3.9000000000000057,129,104.2,106,99.8,160,4.400000000000006,108
2020,Georgia St.,50.3,136,18.9,191,30.9,79,31.3,213,46.9,59,20.8,62,32.9,334,47.0,345,67.1,334,105.6,115,101.4,156,4.199999999999989,127,104.1,107,99.9,162,4.199999999999989,109
2020,North Florida,54.6,13,17.3,67,26.9,206,28.6,279,50.3,223,15.7,332,31.8,323,28.1,71,68.2,320,112.0,31,111.6,324,0.4000000000000057,165,111.2,8,107.1,311,4.1000000000000085,110
2020,Xavier,49.0,202,19.8,241,32.2,47,30.9,225,46.4,41,18.6,179,27.6,153,28.9,89,72.4,152,106.1,103,92.2,20,13.899999999999991,46,100.3,186,96.2,69,4.099999999999994,111
2020,Arizona St.,48.8,209,17.9,101,26.5,223,32.4,184,49.1,152,22.3,31,28.6,204,34.2,224,71.4,200,106.0,108,94.7,49,11.299999999999997,64,100.1,191,96.1,64,4.0,112
2020,Tennessee,48.8,207,20.5,280,30.5,96,37.2,65,45.9,30,19.6,126,30.1,279,35.3,248,69.9,277,106.6,96,95.8,62,10.799999999999997,68,100.8,174,96.8,88,4.0,113
2020,Oklahoma,48.2,237,16.0,26,23.3,306,31.2,214,46.7,55,16.7,300,27.4,147,19.7,1,72.6,149,108.8,58,93.1,29,15.700000000000003,35,100.7,179,96.8,89,3.9000000000000057,114
2020,Alabama,52.2,61,19.2,206,29.9,114,36.8,69,47.9,99,18.2,214,30.8,300,35.9,257,69.2,299,111.0,37,99.5,114,11.5,60,106.0,71,102.2,221,3.799999999999997,115
2020,Sacred Heart,49.1,196,20.4,274,36.1,5,34.8,120,47.6,87,15.7,334,28.2,182,23.6,17,71.8,186,102.2,185,104.8,227,-2.5999999999999943,198,104.3,102,100.5,174,3.799999999999997,116
2020,Missouri St.,49.8,159,19.7,235,31.9,57,28.8,276,49.6,183,18.2,210,22.7,15,33.2,208,77.3,15,104.8,133,100.2,124,4.599999999999994,122,102.5,138,98.8,131,3.700000000000003,117
2020,Colorado St.,53.9,22,18.6,157,26.3,229,39.2,38,51.6,271,17.6,255,23.8,24,24.1,21,76.2,24,109.3,52,102.1,172,7.200000000000003,99,106.1,69,102.4,229,3.6999999999999886,118
2020,Toledo,50.9,111,17.6,82,27.8,180,36.7,74,48.7,130,16.3,315,27.8,162,26.5,43,72.2,165,106.3,102,105.1,237,1.2000000000000028,152,105.9,73,102.3,223,3.6000000000000085,119
2020,St. John's,45.9,323,15.1,9,30.2,102,29.9,246,48.2,113,22.7,21,31.4,313,36.2,264,68.6,313,106.1,104,95.2,53,10.899999999999991,66,100.4,183,96.9,91,3.5,120
2020,Saint Peter's,46.0,321,23.4,348,35.6,10,38.0,51,46.1,32,22.0,36,27.4,146,40.8,318,72.6,147,95.4,300,97.3,80,-1.8999999999999915,194,96.5,272,93.0,20,3.5,121
2020,Nicholls St.,49.5,178,19.3,216,29.4,126,25.8,324,49.8,197,24.8,5,34.1,343,39.7,310,65.9,344,99.7,223,101.5,158,-1.7999999999999972,193,101.2,166,97.8,111,3.4000000000000057,122
2020,Southern Utah,48.7,215,19.2,207,27.3,196,35.9,86,45.8,28,16.8,294,23.3,19,37.0,279,76.7,19,98.8,240,98.1,86,0.7000000000000028,160,98.9,215,95.5,55,3.4000000000000057,123
2020,Rider,49.1,198,19.6,232,30.6,93,40.8,17,49.1,153,19.1,149,24.0,29,30.3,131,76.0,31,100.9,204,102.1,171,-1.1999999999999886,186,100.0,196,96.6,80,3.4000000000000057,124
2020,Delaware,54.4,18,18.6,160,23.8,296,32.3,187,49.8,199,16.7,301,26.8,130,29.0,90,73.2,129,105.6,116,106.4,265,-0.8000000000000114,181,107.1,54,103.7,255,3.3999999999999915,125
2020,Clemson,50.1,149,18.5,149,23.3,307,28.9,270,48.3,118,20.0,99,24.5,43,28.7,85,75.5,43,103.9,155,93.5,33,10.400000000000006,72,98.6,220,95.2,53,3.3999999999999915,126
2020,Montana,52.3,55,16.9,51,20.1,347,26.1,319,48.7,135,20.5,78,25.4,65,46.3,343,74.6,64,103.2,169,100.1,123,3.1000000000000085,137,101.3,165,97.9,114,3.3999999999999915,127
2020,Georgia Southern,50.2,141,18.3,136,26.0,237,36.2,81,49.5,175,20.7,64,28.7,207,27.6,63,71.3,211,102.2,184,98.8,102,3.4000000000000057,134,101.3,162,98.0,115,3.299999999999997,128
2020,American,51.6,85,17.9,100,26.7,216,28.6,278,49.7,188,19.9,105,29.4,248,36.6,272,70.6,246,101.1,202,104.0,212,-2.9000000000000057,203,103.5,120,100.2,168,3.299999999999997,129
2020,South Dakota,54.6,15,15.1,7,19.2,351,40.8,20,52.2,289,14.9,346,22.1,10,32.2,186,77.9,10,108.6,63,108.9,307,-0.30000000000001137,176,109.4,21,106.3,299,3.1000000000000085,130
2020,Eastern Illinois,50.5,131,17.4,74,28.2,164,29.4,255,49.1,145,21.4,45,28.8,216,33.9,220,71.2,216,98.2,253,104.5,220,-6.299999999999997,237,102.0,150,98.9,133,3.0999999999999943,131
2020,Chattanooga,52.5,52,17.5,80,25.9,238,29.2,263,51.1,255,16.9,290,24.6,45,27.3,57,75.4,45,106.6,93,104.8,225,1.7999999999999972,148,105.4,81,102.5,230,2.9000000000000057,132
2020,Stony Brook,47.7,262,20.7,294,28.4,156,33.3,158,46.3,38,18.4,197,27.3,143,27.4,58,72.7,144,97.7,260,99.4,111,-1.7000000000000028,192,97.4,249,94.5,42,2.9000000000000057,133
2020,Prairie View A&M,47.4,275,20.2,264,27.9,175,40.5,24,47.8,94,23.7,10,28.2,185,49.2,351,71.8,187,96.3,282,100.5,131,-4.200000000000003,212,96.2,278,93.3,22,2.9000000000000057,134
2020,Virginia Tech,50.3,139,14.6,4,21.0,340,22.9,347,48.5,125,17.6,254,25.5,71,26.1,38,74.5,69,104.3,147,98.0,82,6.299999999999997,105,101.3,164,98.4,126,2.8999999999999915,135
2020,Missouri,47.0,287,20.9,302,31.4,67,35.7,91,46.3,39,20.9,59,27.7,160,47.8,346,72.3,155,104.1,150,96.7,71,7.3999999999999915,97,99.5,203,96.7,85,2.799999999999997,136
2020,St. Bonaventure,49.1,197,17.4,76,30.9,80,27.2,303,49.3,161,17.6,247,26.6,117,33.0,200,73.4,118,106.6,95,102.2,174,4.3999999999999915,123,103.6,115,100.8,184,2.799999999999997,137
2020,Robert Morris,51.4,94,18.7,165,28.2,161,26.0,320,50.4,227,21.4,46,29.3,241,31.7,169,70.7,239,100.5,212,103.8,205,-3.299999999999997,206,102.8,134,100.2,169,2.5999999999999943,138
2020,UCLA,48.4,230,19.5,224,34.5,20,37.6,56,50.9,248,19.4,133,25.4,64,35.2,245,74.6,66,109.3,51,99.4,112,9.899999999999991,78,103.6,114,101.1,190,2.5,139
2020,UNLV,49.7,169,19.3,217,34.0,26,34.1,138,49.2,159,17.4,266,24.0,30,40.6,316,76.0,30,107.9,74,100.6,133,7.300000000000011,98,104.3,101,101.8,207,2.5,140
2020,Towson,48.7,216,18.1,123,32.4,45,34.9,116,48.7,136,15.7,333,26.8,133,31.0,150,73.2,131,105.7,114,104.8,226,0.9000000000000057,158,105.6,76,103.2,244,2.3999999999999915,141
2020,Indiana St.,51.7,76,16.9,57,23.6,298,32.3,189,50.6,234,19.1,151,25.7,79,33.5,214,74.3,78,105.8,113,101.2,145,4.599999999999994,121,103.3,125,100.9,186,2.3999999999999915,142
2020,Charlotte,51.6,83,20.6,291,21.5,332,38.0,50,50.4,228,20.3,84,23.7,23,27.6,61,76.3,23,98.5,247,98.0,84,0.5,164,98.1,231,95.8,60,2.299999999999997,143
2020,Marshall,50.2,142,19.3,213,27.9,177,28.6,280,46.3,40,20.0,104,32.1,328,37.6,286,67.9,328,101.2,199,99.1,106,2.1000000000000085,145,100.1,193,97.8,107,2.299999999999997,144
2020,Buffalo,48.8,210,18.3,138,34.7,19,27.4,298,48.9,140,19.1,154,28.8,213,30.4,133,71.2,213,104.1,151,102.3,175,1.7999999999999972,147,103.3,123,101.0,187,2.299999999999997,145
2020,FIU,51.7,75,20.4,273,30.2,104,29.3,259,47.9,98,21.3,48,35.5,350,30.5,136,64.5,350,103.7,157,102.1,170,1.6000000000000085,149,102.1,149,99.8,159,2.299999999999997,146
2020,Penn,52.3,54,17.3,69,22.7,320,24.6,337,47.6,86,16.9,289,28.6,203,25.0,27,71.4,202,103.4,163,100.8,137,2.6000000000000085,141,101.7,154,99.7,157,2.0,147
2020,Oklahoma St.,47.8,260,19.5,222,29.5,123,35.2,108,46.7,56,20.5,76,29.0,223,33.1,205,71.0,223,107.2,84,94.5,46,12.700000000000003,53,98.7,219,96.7,86,2.0,148
2020,Wofford,53.3,32,17.9,103,25.2,265,25.7,328,51.5,268,17.8,236,24.3,39,31.8,171,75.7,38,104.5,142,103.4,197,1.0999999999999943,154,104.3,105,102.4,228,1.8999999999999915,149
2020,Santa Clara,52.2,62,18.7,164,21.2,338,35.9,87,48.7,131,18.9,158,26.5,114,37.8,288,73.5,113,102.6,176,101.3,154,1.2999999999999972,151,101.6,157,99.7,155,1.8999999999999915,150
2020,Georgia Tech,49.8,157,22.9,345,29.2,135,34.8,119,44.7,10,19.3,143,28.9,219,35.8,255,71.1,219,103.1,171,91.8,16,11.299999999999997,63,96.0,282,94.2,36,1.7999999999999972,151
2020,Sam Houston St.,50.7,124,18.8,175,27.3,198,32.1,197,50.5,229,24.3,7,30.8,299,44.7,339,69.2,300,99.5,229,103.7,200,-4.200000000000003,213,101.6,158,99.8,161,1.7999999999999972,152
2020,Norfolk St.,47.0,289,20.9,304,30.7,87,33.3,160,47.2,76,21.6,41,28.8,212,40.5,314,71.2,212,94.2,321,101.9,164,-7.700000000000003,254,96.8,263,95.0,48,1.7999999999999972,153
2020,Charleston,51.1,105,16.3,33,22.7,319,32.3,186,49.1,150,17.7,241,29.3,239,32.5,193,70.7,238,105.0,129,104.9,229,0.09999999999999432,170,105.0,87,103.3,246,1.7000000000000028,154
2020,Western Carolina,54.6,17,19.8,240,28.4,159,38.4,47,50.5,231,16.5,307,25.6,77,31.2,157,74.4,77,107.3,83,106.3,263,1.0,156,106.6,60,104.9,277,1.6999999999999886,155
2020,South Alabama,51.4,92,18.3,137,25.5,255,40.6,21,51.5,264,20.1,95,29.6,256,26.6,48,70.4,255,104.9,130,103.9,209,1.0,157,104.0,108,102.4,226,1.5999999999999943,156
2020,UCF,49.4,189,19.9,251,28.8,146,30.9,224,47.8,96,20.6,69,30.5,292,29.4,104,69.5,294,103.5,162,98.6,98,4.900000000000006,117,99.4,204,98.0,116,1.4000000000000057,157
2020,Princeton,53.6,25,18.3,133,24.6,282,27.8,292,52.3,293,17.2,277,24.0,31,26.5,45,76.0,29,107.0,89,105.5,243,1.5,150,105.2,83,103.8,258,1.4000000000000057,158
2020,Texas,49.9,154,20.5,278,26.6,218,22.0,350,46.9,61,20.8,60,32.2,330,35.3,246,67.8,330,104.1,153,92.6,24,11.5,61,97.0,259,95.6,56,1.4000000000000057,159
2020,Portland St.,49.6,175,17.7,86,35.9,6,30.8,227,52.9,313,20.3,87,34.3,347,32.1,182,65.7,347,108.8,57,108.8,306,0.0,172,107.9,40,106.6,304,1.3000000000000114,160
2020,Sacramento St.,45.4,335,19.1,202,32.2,49,32.1,196,48.0,106,21.7,39,25.9,85,35.3,249,74.1,89,97.1,268,98.2,87,-1.1000000000000085,183,97.1,256,95.8,61,1.2999999999999972,161
2020,Monmouth,47.1,284,17.6,81,25.5,257,35.6,100,49.5,173,22.4,26,28.8,215,41.7,326,71.2,214,99.1,238,101.8,162,-2.700000000000003,201,98.5,222,97.3,101,1.2000000000000028,162
2020,UT Arlington,47.3,280,16.1,30,26.5,222,29.0,269,46.9,58,17.5,262,29.0,226,35.8,256,71.0,226,102.3,180,98.4,95,3.8999999999999915,130,100.4,184,99.2,145,1.2000000000000028,163
2020,Hawaii,48.8,212,18.6,162,27.6,184,32.2,194,49.2,155,19.1,150,25.9,86,32.5,192,74.1,88,97.6,261,101.0,140,-3.4000000000000057,208,99.4,205,98.3,123,1.1000000000000085,164
2020,New Mexico,52.2,60,19.5,226,27.9,174,37.2,63,52.7,306,20.0,102,30.1,275,24.4,24,69.9,276,105.3,125,102.4,178,2.8999999999999915,138,104.9,91,103.8,256,1.1000000000000085,165
2020,Northern Illinois,47.2,283,18.0,112,30.5,94,27.4,299,47.2,75,17.0,284,24.3,38,32.2,183,75.7,40,99.8,222,100.8,138,-1.0,182,99.1,211,98.1,117,1.0,166
2020,Georgetown,49.1,199,18.9,190,32.5,42,33.9,141,50.8,241,18.8,164,28.7,209,26.6,46,71.3,208,111.0,36,100.2,125,10.799999999999997,67,104.5,100,103.6,251,0.9000000000000057,167
2020,UAB,49.7,168,22.2,334,31.8,60,35.1,111,49.3,164,18.3,203,24.3,40,27.0,53,75.7,39,100.8,205,102.1,173,-1.2999999999999972,189,99.3,207,98.5,128,0.7999999999999972,168
2020,UC Riverside,49.8,162,20.5,282,26.8,213,27.5,297,47.2,71,16.1,318,21.8,9,32.2,184,78.2,9,95.8,294,99.8,118,-4.0,211,97.3,252,96.6,82,0.7000000000000028,169
2020,Mississippi,48.6,221,18.9,183,26.4,226,36.8,71,47.6,90,19.6,125,27.8,165,40.6,317,72.2,162,103.7,158,97.0,74,6.700000000000003,102,99.5,201,98.8,132,0.7000000000000028,170
2020,Gardner Webb,51.8,69,18.1,124,27.4,194,34.8,121,49.4,167,17.6,251,30.0,269,31.4,162,70.0,271,102.2,181,106.7,270,-4.5,218,104.6,98,103.9,260,0.6999999999999886,171
2020,William & Mary,53.5,26,18.8,170,24.6,281,30.6,233,49.5,177,14.3,350,23.8,26,26.5,44,76.2,25,103.3,167,105.5,244,-2.200000000000003,195,104.3,103,103.7,252,0.5999999999999943,172
2020,Bowling Green,47.6,268,15.1,8,28.2,163,28.1,289,48.9,139,16.4,310,26.8,128,33.5,215,73.2,128,104.3,146,104.0,210,0.29999999999999716,168,102.8,133,102.3,222,0.5,173
2020,Ohio,51.3,96,18.7,163,26.6,219,29.6,251,49.1,147,18.1,218,24.8,46,32.8,198,75.2,46,103.6,161,103.3,195,0.29999999999999716,167,102.2,148,101.7,201,0.5,174
2020,Valparaiso,50.7,125,18.2,125,26.1,233,26.8,312,51.8,281,20.0,100,27.4,151,31.7,167,72.6,150,104.5,141,102.5,181,2.0,146,101.9,151,101.6,198,0.30000000000001137,175
2020,Bryant,47.9,252,20.5,286,31.0,78,31.0,219,47.0,68,16.5,308,28.2,186,29.9,123,71.8,184,97.8,257,103.8,206,-6.0,234,99.0,213,98.7,130,0.29999999999999716,176
2020,Illinois Chicago,50.8,118,22.5,339,27.7,182,29.4,257,46.1,33,17.7,243,28.2,183,36.6,271,71.8,182,96.4,280,99.5,115,-3.0999999999999943,204,97.0,258,96.8,87,0.20000000000000284,177
2020,Temple,46.0,322,18.1,121,25.9,240,33.3,161,46.4,43,18.5,191,26.7,125,29.5,108,73.3,122,100.1,217,94.6,47,5.5,114,95.2,299,95.1,51,0.10000000000000853,178
2020,Georgia,50.9,116,20.1,255,31.6,64,33.6,151,50.7,237,17.9,228,30.1,272,31.5,164,69.9,278,108.2,71,100.8,136,7.400000000000006,96,103.5,117,103.4,249,0.09999999999999432,179
2020,Washington St.,45.8,330,17.2,64,27.8,179,30.7,230,49.9,202,20.9,56,25.9,89,32.3,187,74.1,85,102.2,182,98.0,83,4.200000000000003,126,97.5,243,97.4,102,0.09999999999999432,180
2020,Lafayette,52.1,64,17.8,92,23.4,304,23.8,341,48.9,142,14.3,349,27.2,141,22.1,8,72.8,142,100.6,211,105.5,246,-4.900000000000006,227,102.7,135,102.7,233,0.0,181
2020,South Florida,46.6,302,22.2,335,32.4,43,37.5,58,51.0,252,23.3,15,25.2,56,34.5,231,74.8,57,100.2,214,95.9,63,4.299999999999997,125,95.0,306,95.0,49,0.0,182
2020,Merrimack,48.5,227,18.6,161,23.0,309,25.9,321,48.0,104,25.9,3,34.2,345,37.8,287,65.8,346,93.9,325,98.8,101,-4.8999999999999915,226,94.9,307,95.0,50,-0.09999999999999432,183
2020,Old Dominion,45.3,337,18.1,115,30.8,83,28.8,275,48.1,110,18.5,193,21.7,7,34.0,221,78.3,8,98.3,249,98.3,92,0.0,173,96.2,279,96.3,74,-0.09999999999999432,184
2020,Drake,51.7,74,19.2,205,23.5,301,30.4,238,50.1,210,17.9,227,23.4,20,30.5,135,76.6,20,102.0,189,101.3,155,0.7000000000000028,161,100.4,185,100.6,175,-0.19999999999998863,185
2020,Campbell,52.6,48,19.2,209,21.9,330,25.3,331,49.8,193,19.6,122,27.7,158,40.5,313,72.3,160,96.8,275,105.3,239,-8.5,262,100.5,180,100.7,177,-0.20000000000000284,186
2020,Seattle,45.3,339,13.6,1,26.8,212,34.8,118,48.7,132,18.8,165,27.9,173,41.7,325,72.1,169,101.2,200,105.5,247,-4.299999999999997,214,101.0,169,101.3,193,-0.29999999999999716,187
2020,Southern,47.9,255,20.3,266,31.6,63,34.5,126,48.7,133,19.7,116,25.3,62,48.8,348,74.7,60,97.2,267,104.8,224,-7.599999999999994,251,97.5,246,97.8,109,-0.29999999999999716,188
2020,Iona,51.0,108,20.5,279,25.1,270,33.7,146,49.4,168,18.7,177,31.7,319,34.2,223,68.3,318,101.6,194,106.1,260,-4.5,220,101.0,171,101.5,196,-0.5,189
2020,UTEP,47.3,277,19.6,229,23.3,305,33.0,168,47.4,82,19.2,145,26.4,109,33.0,201,73.6,109,96.9,273,98.2,89,-1.2999999999999972,188,95.6,290,96.1,66,-0.5,190
2020,Florida Atlantic,48.5,224,18.8,172,28.7,151,26.9,308,50.5,230,20.7,67,26.9,134,29.3,103,73.1,134,99.7,225,101.3,151,-1.5999999999999943,191,98.4,225,99.0,138,-0.5999999999999943,191
2020,Mercer,51.0,109,21.0,308,30.5,95,26.5,316,49.6,182,17.7,240,26.9,135,35.3,247,73.1,136,100.1,216,102.7,188,-2.6000000000000085,199,100.3,187,101.0,188,-0.7000000000000028,192
2020,Southern Illinois,49.5,183,19.4,221,20.6,345,33.6,150,49.1,149,21.0,53,29.9,265,25.3,28,70.1,266,98.2,252,98.6,99,-0.3999999999999915,178,96.6,266,97.3,100,-0.7000000000000028,193
2020,TCU,49.4,187,21.5,320,32.2,48,27.1,304,49.3,163,21.0,55,29.6,255,30.8,142,70.4,256,105.5,119,96.1,66,9.400000000000006,84,97.5,242,98.2,120,-0.7000000000000028,194
2020,Pittsburgh,45.1,342,18.4,140,32.8,38,35.1,110,49.8,192,23.3,14,34.5,349,26.0,33,65.5,349,104.0,154,98.3,91,5.700000000000003,111,98.3,227,99.1,140,-0.7999999999999972,195
2020,Youngstown St.,47.4,274,17.8,91,35.6,9,30.0,245,50.1,213,16.5,306,29.5,254,30.9,146,70.5,254,103.0,173,108.5,303,-5.5,231,103.5,118,104.4,269,-0.9000000000000057,196
2020,Utah,51.3,95,19.7,236,29.0,139,35.8,90,50.3,222,17.7,239,26.9,136,23.0,11,73.1,135,106.3,100,100.8,135,5.5,115,102.3,143,103.2,243,-0.9000000000000057,197
2020,Coastal Carolina,50.1,148,21.9,328,35.9,7,34.7,124,50.0,207,18.4,199,27.8,163,45.8,340,72.2,164,104.8,134,106.2,261,-1.4000000000000057,190,103.6,112,104.5,270,-0.9000000000000057,198
2020,Appalachian St.,48.4,233,19.5,223,26.9,208,41.2,11,49.8,198,20.3,88,27.7,157,27.3,56,72.3,157,99.9,220,100.2,127,-0.29999999999999716,175,98.2,230,99.2,146,-1.0,199
2020,Lamar,48.0,250,20.2,261,28.9,142,34.9,114,50.9,247,22.6,24,32.5,332,27.6,60,67.5,332,96.3,283,102.5,180,-6.200000000000003,236,98.3,228,99.3,151,-1.0,200
2020,Pepperdine,50.0,151,17.4,77,26.9,209,33.0,166,52.8,311,19.0,155,27.8,161,34.7,235,72.2,167,107.2,85,104.4,217,2.799999999999997,139,104.3,104,105.4,286,-1.1000000000000085,201
2020,North Carolina,46.4,309,18.1,119,35.3,12,33.5,154,49.1,148,16.0,322,24.2,37,29.2,94,75.8,37,107.7,77,98.4,94,9.299999999999997,85,100.9,173,102.1,219,-1.1999999999999886,202
2020,George Mason,47.6,266,20.1,256,33.1,32,34.4,129,49.6,179,18.9,161,27.8,168,30.6,137,72.2,166,101.3,197,101.3,153,0.0,171,99.0,214,100.2,167,-1.2000000000000028,203
2020,Hartford,48.6,220,19.6,227,22.8,315,30.3,239,46.0,31,18.7,172,31.0,305,29.5,106,69.0,304,94.4,312,101.1,144,-6.699999999999989,242,95.7,288,97.0,95,-1.2999999999999972,204
2020,Kansas St.,47.5,270,21.2,312,29.6,118,34.7,123,49.6,180,24.3,8,30.1,278,38.8,299,69.9,275,102.5,177,94.2,40,8.299999999999997,90,95.0,304,96.3,76,-1.2999999999999972,205
2020,Dartmouth,49.6,173,18.9,189,21.3,337,27.4,300,49.2,158,16.8,295,20.8,2,29.7,115,79.2,2,96.7,276,99.9,121,-3.200000000000003,205,95.3,298,96.7,84,-1.4000000000000057,206
2020,Jacksonville,48.0,246,20.3,270,29.4,128,30.1,243,46.6,52,16.0,321,26.5,113,28.7,86,73.5,111,96.0,290,102.5,183,-6.5,240,96.4,274,97.9,112,-1.5,207
2020,Quinnipiac,50.9,115,19.9,250,27.0,205,28.2,286,48.8,137,14.1,352,26.2,97,23.6,15,73.8,96,100.7,207,108.3,300,-7.599999999999994,250,101.3,163,102.8,234,-1.5,208
2020,Bethune Cookman,46.4,310,20.1,258,29.6,119,37.4,61,48.3,119,20.4,82,30.9,301,38.8,301,69.1,302,95.4,298,105.8,254,-10.399999999999991,292,96.6,267,98.3,122,-1.7000000000000028,209
2020,North Carolina Central,50.2,143,22.8,343,28.4,158,35.6,98,47.9,100,22.7,23,33.2,337,33.3,211,66.8,337,94.2,319,103.2,193,-9.0,272,95.9,284,97.7,105,-1.7999999999999972,210
2020,Tennessee St.,53.0,34,24.7,350,30.7,86,32.0,200,47.0,65,17.1,280,27.9,171,38.2,293,72.1,173,96.4,279,104.6,222,-8.199999999999989,259,98.5,223,100.3,172,-1.7999999999999972,211
2020,Fresno St.,49.8,160,19.4,218,30.5,97,29.5,253,49.7,190,15.4,337,26.6,119,28.2,75,73.4,120,105.1,127,104.1,214,1.0,155,103.2,127,105.1,280,-1.8999999999999915,212
2020,DePaul,47.9,254,20.4,272,31.3,71,33.3,159,48.8,138,22.1,34,30.2,282,35.4,251,69.8,282,103.4,165,95.5,56,7.900000000000006,94,97.3,251,99.2,144,-1.9000000000000057,213
2020,Iowa St.,49.8,158,18.7,167,29.2,131,28.5,281,51.8,282,20.6,70,31.6,314,28.0,67,68.4,317,109.6,48,101.2,147,8.399999999999991,89,101.4,160,103.5,250,-2.0999999999999943,214
2020,Wake Forest,49.0,200,19.7,238,28.6,153,41.0,15,49.7,191,15.2,340,26.0,90,35.2,244,74.0,93,108.7,61,102.0,166,6.700000000000003,103,101.9,152,104.0,263,-2.0999999999999943,215
2020,New Hampshire,46.8,300,18.4,143,28.2,167,25.8,325,47.2,72,16.3,312,21.4,6,39.1,303,78.6,6,95.0,304,102.1,168,-7.099999999999994,248,95.7,289,97.8,108,-2.0999999999999943,216
2020,Green Bay,50.8,119,16.2,31,25.8,242,31.6,205,51.4,261,18.2,212,31.6,317,33.0,202,68.4,314,105.8,109,110.5,319,-4.700000000000003,224,105.4,79,107.9,317,-2.5,217
2020,La Salle,48.4,232,20.8,301,28.9,143,33.1,165,48.5,124,20.3,90,28.4,190,40.1,311,71.6,190,99.6,226,100.4,129,-0.8000000000000114,180,96.5,271,99.1,142,-2.5999999999999943,218
2020,Navy,46.1,317,18.8,182,33.8,28,32.1,198,50.7,236,18.1,221,25.9,81,30.1,125,74.1,87,98.1,254,106.0,258,-7.900000000000006,256,99.2,208,101.9,212,-2.700000000000003,219
2020,Jacksonville St.,48.7,214,20.7,295,31.0,76,29.1,267,52.1,287,19.4,131,25.5,73,28.4,78,74.5,71,95.8,293,105.5,245,-9.700000000000003,285,98.5,224,101.2,191,-2.700000000000003,220
2020,UNC Asheville,52.5,51,16.4,39,23.0,312,35.2,106,56.9,350,22.5,25,29.4,249,38.3,294,70.6,249,98.7,243,110.3,318,-11.599999999999994,302,103.8,110,106.7,305,-2.9000000000000057,221
2020,Miami FL,48.8,211,17.2,61,26.0,236,28.1,288,50.2,220,17.6,253,31.9,324,22.9,10,68.1,325,107.7,79,101.3,149,6.400000000000006,104,101.0,170,104.0,264,-3.0,222
2020,Rice,51.5,89,18.8,174,24.6,284,34.4,130,52.9,314,17.6,250,26.7,124,29.8,117,73.3,124,105.8,110,108.4,301,-2.6000000000000085,200,102.9,131,106.0,295,-3.0999999999999943,223
2020,LIU,51.4,93,19.0,192,21.6,331,33.4,157,50.0,208,18.7,176,31.2,310,28.5,80,68.8,310,97.4,265,106.1,259,-8.699999999999989,265,100.0,195,103.1,241,-3.0999999999999943,224
2020,UC Davis,52.3,56,18.8,178,22.9,313,31.8,203,54.1,336,19.7,113,27.8,164,35.9,259,72.2,168,104.7,140,109.4,311,-4.700000000000003,225,103.1,128,106.2,298,-3.1000000000000085,225
2020,Jackson St.,45.2,340,18.2,132,26.6,217,35.6,97,48.6,129,22.8,20,29.7,258,43.6,334,70.3,258,92.8,333,102.3,176,-9.5,280,93.4,322,96.6,81,-3.1999999999999886,226
2020,Texas A&M,46.4,311,21.3,316,31.3,69,41.1,14,49.2,154,22.4,28,31.8,322,26.0,36,68.2,321,101.0,203,97.2,77,3.799999999999997,131,95.8,286,99.0,135,-3.200000000000003,227
2020,Loyola MD,52.7,44,19.1,200,25.7,250,42.5,6,50.9,244,17.8,232,29.8,262,32.4,188,70.2,262,100.4,213,109.1,309,-8.699999999999989,266,102.2,145,105.4,285,-3.200000000000003,228
2020,Canisius,48.5,226,20.4,271,28.9,140,30.2,241,51.8,280,21.9,38,29.2,236,35.7,254,70.8,232,97.7,259,105.7,249,-8.0,258,97.5,245,100.8,181,-3.299999999999997,229
2020,North Carolina A&T,47.1,286,20.6,289,28.5,154,41.4,10,47.7,91,21.4,43,30.4,285,42.0,328,69.6,286,92.3,335,102.4,177,-10.100000000000009,287,93.3,323,96.6,83,-3.299999999999997,230
2020,Army,52.9,36,16.9,52,20.2,346,25.7,326,51.6,277,17.0,287,25.9,84,23.9,19,74.1,86,98.8,242,107.4,281,-8.600000000000009,264,100.7,178,104.0,262,-3.299999999999997,231
2020,Arkansas St.,48.9,205,19.0,194,28.9,141,48.1,1,52.0,285,19.9,106,29.1,229,43.1,332,70.9,229,104.2,148,107.5,284,-3.299999999999997,207,102.5,137,105.8,292,-3.299999999999997,232
2020,Manhattan,45.7,331,20.9,303,30.1,107,34.1,135,47.5,84,22.3,30,30.1,277,46.0,342,69.9,273,92.8,331,101.6,160,-8.799999999999997,270,93.1,326,96.4,78,-3.3000000000000114,233
2020,Northern Arizona,49.7,163,17.2,62,26.8,211,31.3,211,53.5,324,18.4,194,26.2,96,28.0,70,73.8,95,102.3,179,106.7,269,-4.400000000000006,217,102.2,144,105.6,291,-3.3999999999999915,234
2020,McNeese St.,54.9,7,22.7,342,30.1,108,35.7,96,51.6,270,17.6,257,31.6,316,29.6,113,68.4,316,103.0,172,112.3,330,-9.299999999999997,276,104.9,90,108.3,320,-3.3999999999999915,235
2020,UMKC,50.5,126,19.8,244,24.0,293,30.3,240,49.5,176,21.1,52,30.0,270,48.4,347,70.0,270,97.5,263,103.6,199,-6.099999999999994,235,98.5,221,101.9,215,-3.4000000000000057,236
2020,Montana St.,49.0,203,20.6,293,22.4,325,38.4,46,48.3,115,15.9,327,25.0,49,30.8,143,75.0,50,97.0,270,101.6,159,-4.599999999999994,222,96.6,268,100.1,166,-3.5,237
2020,Grand Canyon,50.7,122,16.9,54,23.2,308,37.5,57,51.0,249,16.1,319,28.6,206,29.9,121,71.4,204,103.4,164,112.1,327,-8.699999999999989,267,103.3,124,106.8,308,-3.5,238
2020,Massachusetts,49.2,193,18.8,179,25.8,243,29.9,247,51.0,250,20.3,89,30.3,284,33.5,213,69.7,283,102.9,174,102.5,185,0.4000000000000057,166,98.2,229,102.0,218,-3.799999999999997,239
2020,Grambling St.,47.6,267,20.3,268,28.1,169,38.8,41,48.5,127,20.0,101,29.2,232,36.4,266,70.8,233,93.1,328,105.1,235,-12.0,309,94.7,311,98.6,129,-3.8999999999999915,240
2020,Oakland,48.1,243,19.9,254,28.5,155,37.4,60,49.3,166,17.7,244,30.3,283,26.2,40,69.7,284,98.6,246,105.0,233,-6.400000000000006,239,98.4,226,102.3,224,-3.8999999999999915,241
2020,Lipscomb,50.1,150,18.9,184,26.6,220,28.7,277,51.6,273,17.6,248,27.7,156,27.1,54,72.3,159,101.2,201,108.0,292,-6.799999999999997,245,100.2,189,104.1,266,-3.8999999999999915,242
2020,UMass Lowell,51.6,81,18.9,188,27.6,185,38.2,48,53.3,320,18.6,183,29.5,251,28.8,87,70.5,251,104.4,144,113.6,337,-9.199999999999989,275,103.5,119,107.4,313,-3.9000000000000057,243
2020,Northwestern St.,49.7,166,21.6,322,30.7,84,33.9,142,48.1,109,17.8,238,32.5,333,37.2,283,67.5,333,98.3,251,107.1,278,-8.799999999999997,269,100.1,192,104.1,265,-4.0,244
2020,Tulane,47.8,258,16.9,55,22.3,326,34.2,134,52.7,308,23.0,18,31.2,311,29.6,114,68.8,311,101.9,192,103.1,191,-1.1999999999999886,185,97.7,236,101.8,209,-4.099999999999994,245
2020,Albany,48.0,244,19.6,233,24.2,290,33.7,144,49.4,170,18.3,204,25.6,76,28.2,73,74.4,76,94.3,316,103.9,208,-9.600000000000009,284,94.8,308,99.1,139,-4.299999999999997,246
2020,Brown,44.9,344,21.2,313,32.8,36,32.4,183,49.7,189,19.7,118,26.4,110,29.3,102,73.6,108,96.4,278,101.1,143,-4.699999999999989,223,95.0,303,99.3,148,-4.299999999999997,247
2020,Longwood,48.1,242,19.3,214,22.4,323,32.6,177,51.5,267,20.3,85,25.1,53,35.0,239,74.9,52,91.3,339,105.1,234,-13.799999999999997,319,95.5,295,100.0,164,-4.5,248
2020,North Alabama,47.9,251,21.4,317,28.0,171,39.7,31,50.0,203,19.4,138,26.3,105,40.8,319,73.7,101,96.0,289,105.6,248,-9.599999999999994,283,96.3,276,100.8,185,-4.5,249
2020,Central Michigan,47.5,271,17.7,87,27.5,189,33.7,149,54.5,338,21.1,51,28.9,217,29.2,95,71.1,218,102.0,187,106.4,264,-4.400000000000006,215,100.8,175,105.4,283,-4.6000000000000085,250
2020,Bucknell,49.3,190,19.0,195,24.4,288,28.4,283,51.5,265,19.8,110,26.6,120,38.3,295,73.4,115,96.2,285,102.9,189,-6.700000000000003,243,96.9,260,101.6,200,-4.699999999999989,251
2020,UT Rio Grande Valley,46.8,298,18.0,111,27.6,183,35.1,109,53.1,319,23.5,12,30.0,268,44.2,337,70.0,269,98.7,244,106.0,256,-7.299999999999997,249,98.7,218,103.4,247,-4.700000000000003,252
2020,Utah Valley,49.2,194,19.8,247,23.7,297,34.1,137,47.8,93,17.1,282,27.9,170,34.5,232,72.1,171,96.5,277,104.2,215,-7.700000000000003,253,96.8,261,101.5,197,-4.700000000000003,253
2020,Milwaukee,46.8,296,18.8,181,29.2,132,30.4,236,50.8,240,20.8,61,29.7,257,43.8,336,70.3,257,96.0,288,104.9,232,-8.900000000000006,271,97.7,237,102.4,227,-4.700000000000003,254
2020,Vanderbilt,50.2,144,18.4,145,25.4,259,41.4,9,52.7,305,19.6,123,29.4,243,36.8,276,70.6,242,104.7,139,104.5,221,0.20000000000000284,169,101.4,161,106.3,301,-4.8999999999999915,255
2020,Drexel,50.5,130,21.4,319,29.8,115,28.8,273,50.1,212,16.0,326,26.5,112,29.6,112,73.5,112,100.0,219,106.7,271,-6.700000000000003,244,99.7,198,104.6,274,-4.8999999999999915,256
2020,UTSA,48.1,241,17.0,59,26.7,214,26.4,317,52.2,288,18.1,219,26.3,106,38.0,289,73.7,102,104.2,149,108.0,293,-3.799999999999997,210,101.2,168,106.1,296,-4.8999999999999915,257
2020,Mount St. Mary's,46.2,314,17.9,107,29.3,129,32.6,174,50.0,205,17.3,267,27.9,172,30.1,126,72.1,175,96.4,281,107.5,283,-11.099999999999994,298,97.9,234,102.9,238,-5.0,258
2020,Air Force,52.9,38,18.1,117,22.5,322,35.0,112,56.2,349,16.4,309,22.8,17,29.8,119,77.2,17,107.8,76,110.3,316,-2.5,197,104.9,89,110.0,332,-5.099999999999994,259
2020,UMBC,48.3,234,18.5,147,25.6,253,33.7,147,49.7,186,18.9,160,27.6,152,33.7,217,72.4,154,97.8,258,105.7,252,-7.900000000000006,257,96.8,262,101.9,211,-5.1000000000000085,260
2020,Fordham,45.0,343,18.9,185,21.4,336,27.0,305,47.2,74,21.0,54,26.3,101,33.1,206,73.7,100,89.1,347,95.9,64,-6.800000000000011,246,88.6,345,93.7,26,-5.1000000000000085,261
2020,Morgan St.,45.9,325,22.6,341,33.8,27,40.8,19,47.4,81,18.8,166,29.0,225,49.3,352,71.0,227,93.2,327,107.5,282,-14.299999999999997,322,95.6,291,100.8,182,-5.200000000000003,262
2020,Miami OH,48.4,229,16.4,37,25.1,272,26.9,306,51.9,284,17.9,229,28.1,181,36.9,277,71.9,181,102.0,188,107.0,276,-5.0,229,100.3,188,105.6,289,-5.299999999999997,263
2020,Eastern Michigan,46.2,316,21.7,325,25.4,260,42.4,7,49.5,178,23.1,16,30.5,293,30.9,147,69.5,290,94.2,318,96.6,70,-2.3999999999999915,196,91.6,336,96.9,90,-5.300000000000011,264
2020,Texas Southern,45.9,328,21.0,306,31.8,61,41.1,12,50.3,224,19.6,124,30.4,287,34.3,226,69.6,287,99.1,237,108.6,304,-9.5,281,96.7,264,102.2,220,-5.5,265
2020,Nebraska Omaha,49.9,156,17.0,58,27.2,202,27.6,294,52.6,300,16.0,323,26.7,121,29.5,107,73.3,125,103.2,170,107.7,286,-4.5,219,102.5,139,108.2,319,-5.700000000000003,266
2020,Louisiana,48.0,248,19.1,198,28.6,152,35.0,113,51.6,272,18.7,171,29.8,264,32.8,197,70.2,260,101.3,196,106.2,262,-4.900000000000006,228,99.5,199,105.2,282,-5.700000000000003,267
2020,St. Francis NY,46.4,312,18.2,127,27.2,201,27.2,302,49.5,174,19.1,153,29.1,231,36.5,267,70.9,230,94.6,308,106.5,266,-11.900000000000006,308,96.0,281,101.7,204,-5.700000000000003,268
2020,Cal St. Bakersfield,46.5,305,20.8,299,35.2,14,30.7,231,50.9,245,19.3,139,25.3,59,49.1,350,74.7,61,96.2,286,104.9,228,-8.700000000000003,268,97.6,241,103.4,248,-5.800000000000011,269
2020,Texas A&M Corpus Chris,51.5,88,26.6,353,30.6,90,33.4,155,48.7,134,19.1,148,29.1,228,41.3,322,70.9,228,94.3,317,106.0,257,-11.700000000000003,303,96.0,283,101.9,210,-5.900000000000006,270
2020,Eastern Kentucky,46.5,304,18.8,177,24.9,276,32.5,179,51.7,279,23.3,13,33.6,341,36.3,265,66.4,341,95.4,297,104.9,230,-9.5,279,95.7,287,101.7,202,-6.0,271
2020,VMI,50.4,133,18.5,151,26.8,210,21.8,352,50.8,239,17.5,261,28.5,198,39.3,305,71.5,194,100.2,215,108.1,296,-7.8999999999999915,255,100.5,181,106.6,303,-6.099999999999994,272
2020,Fairleigh Dickinson,51.1,106,18.5,155,26.5,221,29.8,248,52.5,299,18.0,222,31.7,318,31.9,177,68.3,319,102.1,186,112.4,331,-10.300000000000011,291,102.2,147,108.3,321,-6.099999999999994,273
2020,East Carolina,46.7,301,19.3,211,27.3,200,36.8,72,50.1,211,18.7,168,26.5,111,40.2,312,73.5,114,99.6,227,104.0,213,-4.400000000000006,216,95.6,292,101.9,213,-6.300000000000011,274
2020,Morehead St.,47.2,281,18.1,120,27.9,176,31.5,208,49.7,187,17.3,273,28.3,188,29.2,96,71.7,188,94.6,309,108.1,294,-13.5,316,96.3,275,102.8,235,-6.5,275
2020,Stetson,49.6,172,21.8,326,30.6,92,39.1,39,50.8,242,17.7,245,28.5,194,31.0,153,71.5,196,98.1,255,108.3,299,-10.200000000000003,288,97.9,233,104.5,271,-6.599999999999994,276
2020,North Dakota,50.5,127,19.0,193,24.7,279,36.7,75,52.4,297,15.2,342,25.5,69,29.8,116,74.5,70,102.2,183,107.7,287,-5.5,232,101.7,156,108.6,325,-6.8999999999999915,277
2020,Purdue Fort Wayne,49.4,185,20.3,265,28.4,157,24.5,339,53.5,325,18.1,216,23.8,25,29.5,110,76.2,26,95.4,299,103.8,204,-8.399999999999991,261,97.7,238,104.6,275,-6.8999999999999915,278
2020,Illinois St.,49.9,155,21.0,307,25.2,264,25.2,333,51.5,269,19.4,134,27.3,144,31.0,152,72.7,145,98.4,248,102.9,190,-4.5,221,96.2,277,103.1,240,-6.8999999999999915,279
2020,Cal St. Northridge,51.6,79,16.3,34,25.2,267,30.4,237,54.7,340,17.3,271,32.0,327,29.0,92,68.0,327,107.4,82,113.3,336,-5.8999999999999915,233,105.5,78,112.6,342,-7.099999999999994,280
2020,Alcorn St.,47.3,279,20.6,287,27.7,181,31.1,216,51.4,263,18.0,224,28.2,184,37.1,282,71.8,183,96.9,271,111.3,322,-14.399999999999991,324,95.8,285,103.0,239,-7.200000000000003,281
2020,Fairfield,43.1,348,21.3,315,30.2,103,35.9,85,48.3,120,19.4,136,26.3,100,31.1,154,73.7,106,90.1,344,101.6,161,-11.5,301,90.2,344,97.7,104,-7.5,282
2020,Western Michigan,48.2,239,18.8,180,24.8,277,35.4,103,50.1,216,16.2,316,29.3,240,31.7,168,70.7,241,99.4,232,105.7,251,-6.299999999999997,238,97.4,248,105.0,278,-7.599999999999994,283
2020,Cal St. Fullerton,47.7,264,18.5,152,22.8,317,37.6,55,50.1,214,18.2,208,26.7,123,35.4,253,73.3,126,95.9,292,104.5,218,-8.599999999999994,263,94.4,314,102.0,217,-7.599999999999994,284
2020,Marist,45.9,324,20.9,305,25.9,239,29.7,249,49.3,162,20.5,77,25.2,58,39.1,304,74.8,56,90.2,343,103.8,203,-13.599999999999994,317,90.6,341,98.2,119,-7.6000000000000085,285
2020,George Washington,49.0,201,19.4,219,23.0,311,32.8,171,50.1,215,15.7,335,26.7,126,31.1,155,73.3,123,99.2,236,105.8,253,-6.599999999999994,241,96.0,280,103.7,254,-7.700000000000003,286
2020,Loyola Marymount,51.0,110,21.9,329,27.3,197,34.8,122,51.8,283,18.6,184,27.8,166,38.2,292,72.2,161,100.6,209,104.0,211,-3.4000000000000057,209,97.4,247,105.2,281,-7.799999999999997,287
2020,NJIT,45.3,338,16.4,35,25.1,268,31.1,218,50.6,233,18.3,202,27.3,145,33.4,212,72.7,143,94.7,307,105.8,255,-11.099999999999994,296,94.8,309,102.6,232,-7.799999999999997,288
2020,Northwestern,46.9,293,15.6,18,22.0,329,25.8,322,49.2,156,15.8,329,29.2,235,28.6,84,70.8,235,104.9,131,101.3,150,3.6000000000000085,132,96.7,265,104.5,273,-7.799999999999997,289
2020,Elon,49.5,180,17.3,66,22.8,316,28.0,291,52.6,301,17.4,264,25.9,83,42.1,329,74.1,84,100.6,208,110.0,313,-9.400000000000006,278,100.0,194,108.3,322,-8.299999999999997,290
2020,Florida A&M,45.4,336,21.2,311,31.2,72,38.7,44,51.4,262,21.6,40,31.8,321,41.1,321,68.2,322,94.4,311,107.3,279,-12.899999999999991,314,93.1,325,101.4,194,-8.300000000000011,291
2020,Charleston Southern,48.4,228,18.8,173,22.8,318,25.3,330,52.6,302,18.6,182,30.1,276,28.8,88,69.9,274,95.4,296,109.1,308,-13.699999999999989,318,97.3,253,105.9,293,-8.600000000000009,292
2020,Hampton,50.2,145,15.7,19,27.4,193,41.0,16,53.6,326,15.1,344,31.0,304,38.1,291,69.0,303,104.8,135,116.7,345,-11.900000000000006,307,105.6,75,114.3,348,-8.700000000000003,293
2020,Coppin St.,45.9,326,19.1,201,23.6,299,32.7,172,48.6,128,19.7,115,28.7,208,30.2,130,71.3,210,89.6,346,105.3,240,-15.700000000000003,327,90.5,342,99.2,143,-8.700000000000003,294
2020,California,46.9,295,19.2,210,25.1,271,36.0,83,49.9,200,17.3,275,26.3,102,37.0,278,73.7,99,101.5,195,100.4,130,1.0999999999999943,153,95.1,301,103.9,261,-8.800000000000011,295
2020,Boston College,46.5,307,19.6,230,25.4,261,29.1,266,50.5,232,20.7,63,30.7,296,29.9,122,69.3,296,99.6,228,100.3,128,-0.7000000000000028,179,92.5,329,101.4,195,-8.900000000000006,296
2020,Florida Gulf Coast,47.2,282,23.3,347,27.8,178,23.0,344,49.1,146,19.8,108,30.1,274,29.8,120,69.9,272,91.2,340,103.3,194,-12.099999999999994,310,90.8,338,99.7,158,-8.900000000000006,297
2020,James Madison,48.2,236,17.2,65,25.8,246,37.2,64,52.7,307,15.9,328,26.0,94,29.3,99,74.0,94,99.5,230,111.6,323,-12.099999999999994,311,99.1,210,108.5,324,-9.400000000000006,298
2020,Louisiana Monroe,47.7,263,20.5,285,25.6,252,32.2,190,48.3,117,16.8,297,30.5,290,34.0,222,69.5,293,96.1,287,103.7,201,-7.6000000000000085,252,93.7,318,103.2,245,-9.5,299
2020,Cornell,49.8,161,17.9,99,24.5,287,26.8,310,53.1,317,18.3,201,29.9,266,31.8,174,70.1,267,101.2,198,110.3,317,-9.099999999999994,273,98.8,217,108.8,326,-10.0,300
2020,Niagara,49.7,167,15.8,22,17.7,352,24.4,340,52.8,310,20.7,66,35.8,351,27.6,62,64.2,351,100.1,218,111.6,325,-11.5,300,97.8,235,107.9,318,-10.100000000000009,301
2020,South Carolina St.,46.1,318,20.4,276,30.6,89,39.3,35,52.6,304,17.8,234,28.0,178,38.6,298,72.0,176,94.9,306,113.2,335,-18.299999999999997,339,96.6,269,106.8,306,-10.200000000000003,302
2020,Lehigh,49.7,165,19.9,253,25.7,248,26.1,318,52.5,298,17.0,285,26.8,131,32.4,189,73.2,130,97.0,269,108.8,305,-11.799999999999997,304,97.0,257,107.4,314,-10.400000000000006,303
2020,Idaho St.,50.0,152,20.3,269,29.2,136,35.7,92,53.8,329,16.2,317,28.6,201,26.0,35,71.4,206,100.8,206,111.1,321,-10.299999999999997,289,99.5,202,109.9,331,-10.400000000000006,304
2020,Central Arkansas,48.5,223,23.0,346,28.8,148,39.9,28,52.4,296,17.8,233,28.9,220,34.8,237,71.1,220,98.0,256,107.6,285,-9.599999999999994,282,96.4,273,107.1,310,-10.699999999999989,305
2020,Columbia,46.1,320,15.9,23,20.1,348,22.5,348,52.3,295,16.3,313,25.1,55,25.7,30,74.9,54,95.2,302,106.5,267,-11.299999999999997,299,93.5,321,104.3,268,-10.799999999999997,306
2020,Troy,46.1,319,19.9,252,29.5,124,29.2,262,52.3,294,20.0,97,29.9,267,37.4,285,70.1,265,96.2,284,106.6,268,-10.399999999999991,293,94.6,312,105.4,284,-10.800000000000011,307
2020,Detroit,46.2,315,19.1,203,30.8,82,32.1,199,53.1,316,17.0,286,30.5,294,31.8,170,69.5,292,99.9,221,111.7,326,-11.799999999999997,305,99.1,209,110.1,333,-11.0,308
2020,San Diego,45.9,327,20.2,260,24.7,280,31.4,210,50.1,209,17.9,226,28.0,179,31.9,176,72.0,179,94.4,315,99.8,117,-5.3999999999999915,230,90.6,340,101.8,206,-11.200000000000003,309
2020,Nebraska,46.8,297,16.0,28,22.3,327,29.0,268,51.5,266,18.7,173,33.0,335,21.8,6,67.0,335,102.0,190,101.3,152,0.7000000000000028,163,94.3,316,105.5,287,-11.200000000000003,310
2020,Denver,49.1,195,19.3,215,20.8,342,36.3,78,52.0,286,17.5,263,25.4,66,38.1,290,74.6,63,95.0,303,106.8,274,-11.799999999999997,306,95.3,297,106.6,302,-11.299999999999997,311
2020,USC Upstate,47.4,273,18.0,114,25.1,269,34.2,133,53.5,323,18.9,159,29.4,245,39.5,306,70.6,245,95.5,295,110.8,320,-15.299999999999997,325,97.2,255,108.5,323,-11.299999999999997,312
2020,Weber St.,48.7,213,17.4,75,21.4,334,26.5,315,52.2,290,16.6,303,28.9,221,22.5,9,71.1,217,98.8,241,107.9,291,-9.100000000000009,274,95.5,294,107.2,312,-11.700000000000003,313
2020,Evansville,48.6,219,18.4,142,19.9,349,32.4,185,52.8,312,17.2,276,25.5,74,33.3,210,74.5,72,96.9,274,107.4,280,-10.5,294,95.0,302,106.8,309,-11.799999999999997,314
2020,Portland,48.6,222,19.8,246,19.3,350,33.5,152,51.6,274,18.2,207,30.6,295,31.2,158,69.4,295,94.4,314,104.3,216,-9.899999999999991,286,92.7,328,104.5,272,-11.799999999999997,315
2020,Wyoming,48.0,245,18.6,156,14.2,353,30.5,235,50.1,217,18.9,162,28.6,202,36.8,274,71.4,203,94.1,322,100.9,139,-6.800000000000011,247,90.7,339,102.9,237,-12.200000000000003,316
2020,UNC Wilmington,45.8,329,18.9,186,23.0,310,32.4,182,51.0,254,17.9,225,29.1,230,33.1,204,70.9,231,92.1,337,104.5,219,-12.400000000000006,312,92.4,330,104.7,276,-12.299999999999997,317
2020,Cleveland St.,44.5,347,22.2,336,32.2,46,38.7,45,50.0,206,20.6,73,33.1,336,39.5,307,66.9,336,92.9,329,105.7,250,-12.799999999999997,313,91.9,335,104.2,267,-12.299999999999997,318
2020,Presbyterian,50.2,146,21.9,327,26.4,227,35.7,94,53.8,328,16.9,293,27.4,149,37.1,281,72.6,151,96.9,272,114.4,341,-17.5,335,97.9,232,110.3,334,-12.399999999999991,319
2020,Wagner,46.5,306,19.6,231,30.1,109,29.6,250,54.0,334,18.7,174,29.2,234,45.9,341,70.8,234,97.3,266,113.9,339,-16.60000000000001,329,97.2,254,109.6,330,-12.399999999999991,320
2020,SIU Edwardsville,46.9,292,19.8,242,27.5,188,30.1,244,51.2,257,18.3,205,29.8,259,40.6,315,70.2,263,92.3,336,110.0,314,-17.700000000000003,337,94.3,315,106.8,307,-12.5,321
2020,Maine,46.3,313,22.9,344,28.2,165,26.8,311,49.9,201,18.6,185,28.4,193,32.8,199,71.6,191,92.9,330,106.8,273,-13.899999999999991,320,90.3,343,103.1,242,-12.799999999999997,322
2020,Middle Tennessee,47.5,272,20.5,283,27.1,203,30.6,232,54.7,339,19.4,135,28.2,187,39.7,308,71.8,185,97.5,264,108.2,298,-10.700000000000003,295,95.0,305,107.8,315,-12.799999999999997,323
2020,New Orleans,48.4,231,20.3,267,27.6,186,40.3,25,56.1,348,20.6,71,34.2,346,39.7,309,65.8,345,99.3,233,114.8,342,-15.5,326,98.8,216,111.8,341,-13.0,324
2020,Tennessee Tech,47.6,269,21.6,323,28.1,168,21.9,351,53.9,331,19.6,127,28.5,195,28.5,81,71.5,195,92.5,334,109.3,310,-16.799999999999997,331,92.9,327,105.9,294,-13.0,325
2020,Southern Miss,47.8,257,22.0,332,26.7,215,23.5,342,51.3,260,17.6,249,26.3,103,33.0,203,73.7,103,94.4,313,103.8,207,-9.399999999999991,277,92.3,331,105.6,290,-13.299999999999997,326
2020,Long Beach St.,48.2,240,22.0,331,24.6,283,33.2,163,52.2,292,19.7,117,31.2,309,29.9,124,68.8,308,94.2,320,105.3,238,-11.099999999999994,297,92.2,333,105.6,288,-13.399999999999991,327
2020,Alabama A&M,42.4,351,18.8,171,24.9,275,32.7,173,51.3,259,18.2,213,27.0,137,35.2,243,73.0,137,87.9,348,108.2,297,-20.299999999999997,343,88.2,347,101.9,216,-13.700000000000003,328
2020,Southeast Missouri St.,47.0,288,19.6,228,25.9,241,34.3,131,54.7,341,18.6,181,28.9,218,34.6,233,71.1,221,94.0,324,113.0,334,-19.0,340,95.3,296,109.2,328,-13.900000000000006,329
2020,Alabama St.,44.6,346,22.6,340,26.0,235,35.7,95,51.3,258,20.4,83,29.8,260,38.3,296,70.2,261,86.2,350,103.4,198,-17.200000000000003,333,86.7,348,100.7,178,-14.0,330
2020,Southeastern Louisiana,46.8,299,22.2,337,28.0,170,31.4,209,53.7,327,22.3,32,34.0,342,42.5,330,66.0,342,92.0,338,109.6,312,-17.599999999999994,336,92.2,332,106.3,300,-14.099999999999994,331
2020,Tennessee Martin,50.9,117,18.5,150,30.4,98,32.5,180,58.4,353,16.9,288,34.4,348,28.2,72,65.6,348,105.1,128,122.9,353,-17.80000000000001,338,105.8,74,119.9,351,-14.100000000000009,332
2020,Cal Poly,47.3,276,19.1,199,22.8,314,33.7,148,52.6,303,18.4,198,28.6,199,43.4,333,71.4,205,95.2,301,108.5,302,-13.299999999999997,315,93.6,320,107.8,316,-14.200000000000003,333
2020,Idaho,47.6,265,21.0,309,24.0,292,30.5,234,51.6,275,16.0,325,26.3,107,29.4,105,73.7,105,92.8,332,107.1,277,-14.299999999999997,323,91.4,337,106.1,297,-14.699999999999989,334
2020,Saint Joseph's,46.6,303,18.2,131,26.3,231,29.1,265,52.7,309,14.3,348,29.0,224,32.0,179,71.0,225,101.9,193,110.2,315,-8.299999999999997,260,96.5,270,111.3,338,-14.799999999999997,335
2020,Delaware St.,47.0,290,19.8,245,26.0,234,33.5,153,54.0,333,18.7,169,30.0,271,43.8,335,70.0,268,94.1,323,117.2,347,-23.10000000000001,346,94.7,310,109.6,329,-14.899999999999991,336
2020,Binghamton,47.9,256,17.7,84,25.7,249,22.5,349,53.3,321,14.2,351,31.6,315,30.3,132,68.4,315,99.7,224,116.9,346,-17.200000000000003,332,97.6,240,112.9,344,-15.300000000000011,337
2020,Western Illinois,48.5,225,15.5,15,21.2,339,21.7,353,55.7,345,15.1,343,26.2,95,35.0,241,73.8,97,98.3,250,115.0,343,-16.700000000000003,330,99.0,212,114.7,349,-15.700000000000003,338
2020,Samford,48.0,247,20.8,300,28.3,160,34.9,115,55.7,346,18.2,211,33.5,340,24.5,25,66.5,340,98.6,245,112.6,332,-14.0,321,97.5,244,113.2,345,-15.700000000000003,339
2020,High Point,45.7,332,21.6,321,31.2,73,40.5,22,55.6,344,17.8,235,28.7,210,36.0,262,71.3,207,94.5,310,113.6,338,-19.099999999999994,341,95.5,293,111.4,339,-15.900000000000006,340
2020,IUPUI,47.9,253,18.8,169,28.7,150,32.2,195,54.4,337,17.1,281,33.5,339,29.5,111,66.5,339,99.4,231,115.6,344,-16.19999999999999,328,97.7,239,114.0,347,-16.299999999999997,341
2020,Incarnate Word,45.7,333,21.9,330,27.5,191,31.1,217,53.0,315,20.5,79,34.1,344,36.0,260,65.9,343,90.3,341,112.8,333,-22.5,345,92.0,334,109.0,327,-17.0,342
2020,San Jose St.,45.2,341,18.5,154,24.5,286,34.1,136,54.1,335,17.6,256,30.4,286,34.4,227,69.6,285,97.5,262,107.8,289,-10.299999999999997,290,93.2,324,110.5,335,-17.299999999999997,343
2020,The Citadel,49.7,171,20.1,259,20.8,341,30.9,222,54.9,342,17.3,270,30.7,297,28.3,76,69.3,297,94.9,305,112.2,328,-17.299999999999997,334,94.2,317,111.7,340,-17.5,344
2020,Houston Baptist,50.3,137,21.4,318,32.1,50,38.0,49,58.1,352,16.7,299,32.1,329,36.7,273,67.9,329,102.9,175,122.3,352,-19.39999999999999,342,102.5,140,120.0,352,-17.5,345
2020,Howard,48.2,238,20.7,296,25.7,251,33.1,164,53.9,330,18.5,188,36.9,353,34.7,236,63.1,353,93.6,326,119.7,350,-26.10000000000001,350,94.5,313,113.9,346,-19.400000000000006,346
2020,Holy Cross,49.3,192,20.5,281,25.3,262,24.6,338,55.9,347,15.4,338,29.3,238,31.4,161,70.7,240,95.9,291,117.3,348,-21.39999999999999,344,95.2,300,115.0,350,-19.799999999999997,347
2020,Central Connecticut,44.7,345,20.4,275,23.4,303,29.3,260,53.4,322,18.0,223,33.4,338,33.2,209,66.6,338,90.3,342,114.0,340,-23.700000000000003,347,88.5,346,110.6,336,-22.099999999999994,348
2020,Arkansas Pine Bluff,43.1,349,26.2,351,27.1,204,37.4,59,48.9,141,20.6,72,30.7,298,46.3,344,69.3,298,79.0,353,104.6,223,-25.599999999999994,348,78.2,353,100.8,180,-22.599999999999994,349
2020,Maryland Eastern Shore,40.5,352,21.1,310,26.2,232,25.7,327,51.0,253,20.4,81,31.0,303,36.6,270,69.0,305,81.7,352,107.8,288,-26.099999999999994,349,81.2,351,103.8,257,-22.599999999999994,350
2020,Mississippi Valley St.,43.0,350,18.2,129,23.5,300,22.9,345,54.0,332,17.6,252,35.9,352,36.1,263,64.1,352,89.8,345,117.6,349,-27.799999999999997,351,86.7,349,112.7,343,-26.0,351
2020,Kennesaw St.,39.3,353,21.6,324,25.8,243,32.5,181,55.3,343,18.5,192,31.2,308,30.4,134,68.8,309,83.5,351,112.2,329,-28.700000000000003,352,81.2,352,110.8,337,-29.599999999999994,352
2020,Chicago St.,45.5,334,26.5,352,20.6,343,42.2,8,57.6,351,16.0,324,31.9,325,42.5,330,68.1,326,86.9,349,120.8,351,-33.89999999999999,353,83.8,350,120.5,353,-36.7,353
